Package;Komponen;Level;Indikator;Pertanyaan
0;Strategy;Recognize;Program kesiapan forensik digital;Apakah ada pemahaman bahwa kesiapan forensik digital dapat meminimalkan dampak insiden siber?
0;Strategy;Define;Program kesiapan forensik digital;Apakah organisasi telah memiliki Program terkait Kesiapan Forensik Digital?
0;Strategy;Measure;Program kesiapan forensik digital;Apakah organisasi memiliki metrik atau indikator kinerja untuk mengukur kemajuan dan efektivitas program kesiapan forensik digital?
0;Strategy;Analyze;Program kesiapan forensik digital;Apakah ada analisis terhadap kesenjangan antara tingkat kesiapan yang diinginkan dengan tingkat kesiapan yang dicapai saat ini?
0;Strategy;Improve & Control;Program kesiapan forensik digital;Apakah ada program untuk memperbarui program kesiapan forensik digital berdasarkan hasil analisis dan umpan balik?
0;Strategy;Sustain;Program kesiapan forensik digital;Apakah program ini menjadi bagian dari perencanaan strategis organisasi dalam jangka panjang?
0;Strategy;Recognize;Aturan, regulasi dan kewajiban menyimpan dokumen, file dan rekaman (CCTV, Log, dokumen);Apakah ada pemahaman dasar mengenai pentingnya retensi data yang tepat untuk tujuan hukum dan investigasi?
0;Strategy;Define;Aturan, regulasi dan kewajiban menyimpan dokumen, file dan rekaman (CCTV, Log, dokumen);Apakah organisasi Anda memiliki pedoman tertulis terkait penyimpanan dokumen, file, dan rekaman digital maupun fisik (misal CCTV, Log, dokumen)?
0;Strategy;Measure;Aturan, regulasi dan kewajiban menyimpan dokumen, file dan rekaman (CCTV, Log, dokumen);Apakah organisasi secara rutin melakukan audit untuk memverifikasi bahwa kebijakan penyimpanan data diterapkan secara konsisten di seluruh departemen?
0;Strategy;Analyze;Aturan, regulasi dan kewajiban menyimpan dokumen, file dan rekaman (CCTV, Log, dokumen);Apakah ada analisis terhadap risiko yang mungkin timbul dari kebijakan retensi yang tidak memadai (misalnya, risiko hukum atau kehilangan bukti)?
0;Strategy;Improve & Control;Aturan, regulasi dan kewajiban menyimpan dokumen, file dan rekaman (CCTV, Log, dokumen);Apakah ada kontrol yang diterapkan untuk memastikan bahwa data disimpan dengan aman dan dapat diakses saat dibutuhkan?
0;Strategy;Sustain;Aturan, regulasi dan kewajiban menyimpan dokumen, file dan rekaman (CCTV, Log, dokumen);Apakah kebijakan penyimpanan data diintegrasikan ke dalam program tata kelola informasi organisasi secara berkelanjutan?
0;Strategy;Recognize;Ketentuan ketika terjadi peristiwa yang membutuhkan barang bukti digital ;Apakah ada pemahaman bahwa tindakan awal yang salah dapat merusak atau menghilangkan bukti penting?
0;Strategy;Define;Ketentuan ketika terjadi peristiwa yang membutuhkan barang bukti digital ;Apakah organisasi Anda memiliki ketentuan tertulis ketika terjadi peristiwa yang membutuhkan barang bukti digital 
0;Strategy;Measure;Ketentuan ketika terjadi peristiwa yang membutuhkan barang bukti digital ;Apakah organisasi mencatat setiap peristiwa yang terjadi dan memverifikasi apakah ketentuan yang ditetapkan sudah diikuti?
0;Strategy;Analyze;Ketentuan ketika terjadi peristiwa yang membutuhkan barang bukti digital ;Apakah organisasi menganalisis hasil dari penanganan peristiwa untuk mengidentifikasi kelemahan dalam ketentuan yang ada?
0;Strategy;Improve & Control;Ketentuan ketika terjadi peristiwa yang membutuhkan barang bukti digital ;Apakah ada program untuk memperbarui ketentuan ini berdasarkan umpan balik dari tim respons insiden dan perkembangan teknologi?
0;Strategy;Sustain;Ketentuan ketika terjadi peristiwa yang membutuhkan barang bukti digital ;Apakah organisasi secara konsisten mengalokasikan sumber daya untuk memelihara dan menyebarkan pengetahuan tentang ketentuan ini?
0;Strategy;Recognize;Fungsi/unit Pejabat Pelindung Data Pribadi sesuai dengan peraturan dan perundang-undangan yang berlaku;Apakah organisasi menyadari adanya kewajiban untuk memiliki Pejabat Pelindung Data Pribadi (DPO) sesuai dengan peraturan yang berlaku, seperti UU PDP?
0;Strategy;Define;Fungsi/unit Pejabat Pelindung Data Pribadi sesuai dengan peraturan dan perundang-undangan yang berlaku;Apakah organisasi telah menunjuk fungsi/unit Pejabat Pelindung Data Pribadi sesuai dengan peraturan dan perundang-undangan yang berlaku?
0;Strategy;Measure;Fungsi/unit Pejabat Pelindung Data Pribadi sesuai dengan peraturan dan perundang-undangan yang berlaku;Seberapa sering DPO melakukan audit internal untuk mengukur tingkat kepatuhan organisasi terhadap UU PDP?
0;Strategy;Analyze;Fungsi/unit Pejabat Pelindung Data Pribadi sesuai dengan peraturan dan perundang-undangan yang berlaku;Apakah organisasi menganalisis laporan dari DPO untuk mengidentifikasi area yang membutuhkan perbaikan terkait perlindungan data pribadi?
0;Strategy;Improve & Control;Fungsi/unit Pejabat Pelindung Data Pribadi sesuai dengan peraturan dan perundang-undangan yang berlaku;Apakah ada mekanisme kontrol yang memastikan independensi DPO dalam menjalankan tugasnya?
0;Strategy;Sustain;Fungsi/unit Pejabat Pelindung Data Pribadi sesuai dengan peraturan dan perundang-undangan yang berlaku;Apakah peran dan wewenang DPO ditinjau secara berkala untuk memastikan relevansinya dengan pertumbuhan organisasi dan perubahan regulasi?
0;Strategy;Recognize;Identifikasi sumber-sumber dan tipe-tipe yang berbeda dari barang bukti digital organisasi ;Apakah ada pemahaman dasar mengenai pentingnya memetakan sumber bukti digital potensial di seluruh lingkungan organisasi?
0;Strategy;Define;Identifikasi sumber-sumber dan tipe-tipe yang berbeda dari barang bukti digital organisasi ;Apakah organisasi telah mengidentifikasi berbagai sumber dan tipe-tipe yang berbeda dari barang bukti digital?
0;Strategy;Measure;Identifikasi sumber-sumber dan tipe-tipe yang berbeda dari barang bukti digital organisasi ;Apakah organisasi secara rutin melakukan audit untuk memverifikasi kelengkapan dan keakuratan daftar sumber dan tipe bukti digital?
0;Strategy;Analyze;Identifikasi sumber-sumber dan tipe-tipe yang berbeda dari barang bukti digital organisasi ;Apakah organisasi menganalisis data insiden untuk menentukan apakah semua sumber dan tipe bukti yang relevan telah diidentifikasi dan dikumpulkan?
0;Strategy;Improve & Control;Identifikasi sumber-sumber dan tipe-tipe yang berbeda dari barang bukti digital organisasi ;Apakah ada kontrol yang diterapkan untuk memastikan bahwa data dari semua sumber bukti yang teridentifikasi terlindungi dan dapat diakses untuk investigasi?
0;Strategy;Sustain;Identifikasi sumber-sumber dan tipe-tipe yang berbeda dari barang bukti digital organisasi ;Apakah proses identifikasi sumber dan tipe bukti digital menjadi bagian dari siklus hidup pengembangan sistem dan perencanaan strategis organisasi?
0;Strategy;Recognize;Identifikasi teknologi dan Sumber Daya manusia untuk memastikan kesiapan forensik digital;Apakah organisasi menyadari bahwa kesiapan forensik digital membutuhkan kombinasi yang tepat antara teknologi dan Sumber Daya Manusia (SDM) yang terampil?
0;Strategy;Define;Identifikasi teknologi dan Sumber Daya manusia untuk memastikan kesiapan forensik digital;Apakah organisasi telah mengidentifikasi teknologi dan sumber daya manusia yang diperlukan untuk memastikan kesiapan forensik digital?
0;Strategy;Measure;Identifikasi teknologi dan Sumber Daya manusia untuk memastikan kesiapan forensik digital;Apakah organisasi secara rutin mengevaluasi kecukupan dan kapabilitas teknologi forensik digital dan SDM yang dimiliki?
0;Strategy;Analyze;Identifikasi teknologi dan Sumber Daya manusia untuk memastikan kesiapan forensik digital;Apakah organisasi menganalisis kesenjangan antara teknologi dan keahlian SDM yang dimiliki dengan kebutuhan forensik digital saat ini?
0;Strategy;Improve & Control;Identifikasi teknologi dan Sumber Daya manusia untuk memastikan kesiapan forensik digital;Apakah ada kontrol yang memastikan bahwa teknologi dan keahlian SDM terus ditingkatkan seiring dengan perkembangan ancaman?
0;Strategy;Sustain;Identifikasi teknologi dan Sumber Daya manusia untuk memastikan kesiapan forensik digital;Apakah alokasi anggaran untuk pengadaan teknologi dan pengembangan SDM forensik digital menjadi prioritas dalam perencanaan jangka panjang organisasi?
0;Strategy;Recognize;Jaminan ketersediaan anggaran untuk menjalankan dan merawat program keamanan informasi dan kesiapan forensik digital;Apakah organisasi menyadari bahwa program keamanan informasi dan kesiapan forensik digital membutuhkan dukungan anggaran yang konsisten?
0;Strategy;Define;Jaminan ketersediaan anggaran untuk menjalankan dan merawat program keamanan informasi dan kesiapan forensik digital;Apakah anggaran tersedia untuk mengimplementasikan dan memelihara program keamanan informasi dan kesiapan forensik digital
0;Strategy;Measure;Jaminan ketersediaan anggaran untuk menjalankan dan merawat program keamanan informasi dan kesiapan forensik digital;Apakah organisasi secara rutin memantau dan melacak penggunaan anggaran yang dialokasikan untuk program ini?
0;Strategy;Analyze;Jaminan ketersediaan anggaran untuk menjalankan dan merawat program keamanan informasi dan kesiapan forensik digital;Apakah organisasi menganalisis alokasi anggaran saat ini untuk mengidentifikasi potensi kekurangan atau pemborosan?
0;Strategy;Improve & Control;Jaminan ketersediaan anggaran untuk menjalankan dan merawat program keamanan informasi dan kesiapan forensik digital;Apakah ada program untuk mengoptimalkan penggunaan anggaran melalui efisiensi operasional atau negosiasi vendor?
0;Strategy;Sustain;Jaminan ketersediaan anggaran untuk menjalankan dan merawat program keamanan informasi dan kesiapan forensik digital;Apakah alokasi anggaran untuk program keamanan informasi dan forensik digital menjadi prioritas strategis dalam jangka panjang?
0;Strategy;Recognize;Kebijakan dan prosedur sebagai pedoman untuk aktivitas dan operasi anggota organisasi yang menggunakan Teknologi Informasi dan Komunikasi (TIK);Apakah organisasi menyadari pentingnya memiliki kebijakan dan prosedur untuk mengatur penggunaan TIK oleh para anggota?
0;Strategy;Define;Kebijakan dan prosedur sebagai pedoman untuk aktivitas dan operasi anggota organisasi yang menggunakan Teknologi Informasi dan Komunikasi (TIK);Apakah terdapat kebijakan dan prosedur sebagai pedoman untuk aktivitas dan operasi anggota organisasi yang menggunakan Teknologi Informasi dan Komunikasi (TIK)?
0;Strategy;Measure;Kebijakan dan prosedur sebagai pedoman untuk aktivitas dan operasi anggota organisasi yang menggunakan Teknologi Informasi dan Komunikasi (TIK);Apakah kebijakan dan prosedur sebagai pedoman untuk aktivitas dan operasi anggota organisasi yang menggunakan Teknologi Informasi dan Komunikasi (TIK) telah dimonitor secara berkala?
0;Strategy;Analyze;Kebijakan dan prosedur sebagai pedoman untuk aktivitas dan operasi anggota organisasi yang menggunakan Teknologi Informasi dan Komunikasi (TIK);Apakah ada analisis terhadap kesenjangan atau kelemahan dalam kebijakan yang ada, berdasarkan hasil pemantauan?
0;Strategy;Improve & Control;Kebijakan dan prosedur sebagai pedoman untuk aktivitas dan operasi anggota organisasi yang menggunakan Teknologi Informasi dan Komunikasi (TIK);Apakah ada rencana untuk memperbarui kebijakan dan prosedur TIK agar tetap relevan dengan perkembangan teknologi?
0;Strategy;Sustain;Kebijakan dan prosedur sebagai pedoman untuk aktivitas dan operasi anggota organisasi yang menggunakan Teknologi Informasi dan Komunikasi (TIK);Apakah kebijakan dan prosedur TIK ditinjau dan diperbarui secara rutin untuk memastikan relevansinya?
0;Strategy;Recognize;Kebijakan terkait perlindungan data pribadi yang disusun sesuai dengan peraturan perundang-undangan yang berlaku (UU No.27 Tahun 2022 tentang Pelindungan Data Pribadi).;Apakah ada pemahaman awal mengenai tanggung jawab organisasi dalam melindungi data pribadi?
0;Strategy;Define;Kebijakan terkait perlindungan data pribadi yang disusun sesuai dengan peraturan perundang-undangan yang berlaku (UU No.27 Tahun 2022 tentang Pelindungan Data Pribadi).;Apakah organisasi sudah memiliki kebijakan terkait perlindungan data pribadi sesuai dengan peraturan perundang-undangan yang berlaku (UU PDP)?
0;Strategy;Measure;Kebijakan terkait perlindungan data pribadi yang disusun sesuai dengan peraturan perundang-undangan yang berlaku (UU No.27 Tahun 2022 tentang Pelindungan Data Pribadi).;Apakah organisasi secara rutin melakukan audit untuk mengukur kepatuhan terhadap kebijakan perlindungan data pribadi yang telah dibuat?
0;Strategy;Analyze;Kebijakan terkait perlindungan data pribadi yang disusun sesuai dengan peraturan perundang-undangan yang berlaku (UU No.27 Tahun 2022 tentang Pelindungan Data Pribadi).;Apakah organisasi menganalisis hasil audit dan laporan insiden untuk mengidentifikasi kelemahan dalam kebijakan atau prosedur yang ada?
0;Strategy;Improve & Control;Kebijakan terkait perlindungan data pribadi yang disusun sesuai dengan peraturan perundang-undangan yang berlaku (UU No.27 Tahun 2022 tentang Pelindungan Data Pribadi).;Apakah ada program untuk memperbarui kebijakan perlindungan data pribadi agar tetap relevan dengan perubahan regulasi dan teknologi?
0;Strategy;Sustain;Kebijakan terkait perlindungan data pribadi yang disusun sesuai dengan peraturan perundang-undangan yang berlaku (UU No.27 Tahun 2022 tentang Pelindungan Data Pribadi).;Apakah kebijakan perlindungan data pribadi menjadi bagian integral dari budaya kerja organisasi?
0;Strategy;Recognize;Sanksi bagi pelanggar kebijakan dan prosedur perlindungan data dan kesiapan forensik digital;Apakah organisasi menyadari pentingnya menetapkan sanksi yang jelas untuk pelanggaran kebijakan perlindungan data dan kesiapan forensik digital?
0;Strategy;Define;Sanksi bagi pelanggar kebijakan dan prosedur perlindungan data dan kesiapan forensik digital;Apakah sanksi untuk  pelanggar kebijakan dan prosedur perlindungan data dan kesiapan forensik digital telah ditetapkan?
0;Strategy;Measure;Sanksi bagi pelanggar kebijakan dan prosedur perlindungan data dan kesiapan forensik digital;Apakah ada pengukuran yang dilakukan untuk menilai seberapa sering pelanggaran terjadi setelah sanksi ditetapkan?
0;Strategy;Analyze;Sanksi bagi pelanggar kebijakan dan prosedur perlindungan data dan kesiapan forensik digital;Apakah ada analisis untuk mengevaluasi efektivitas sanksi yang diterapkan dalam mencegah pelanggaran di masa depan?
0;Strategy;Improve & Control;Sanksi bagi pelanggar kebijakan dan prosedur perlindungan data dan kesiapan forensik digital;Apakah ada program untuk meninjau dan memperbarui kebijakan sanksi agar lebih efektif dan adil?
0;Strategy;Sustain;Sanksi bagi pelanggar kebijakan dan prosedur perlindungan data dan kesiapan forensik digital;Apakah sistem sanksi ini menjadi bagian dari sistem manajemen kinerja dan kedisiplinan yang berkelanjutan?
0;Strategy;Recognize;Kebijakan bahwa semua sumber daya informasi dan data merupakan milik organisasi ;Apakah ada pemahaman dasar organisasi bahwa data yang dihasilkan atau disimpan di sistem organisasi adalah aset berharga yang harus dilindungi?
0;Strategy;Define;Kebijakan bahwa semua sumber daya informasi dan data merupakan milik organisasi ;Apakah terdapat kebijakan yang menyatakan bahwa semua sumber daya informasi dan data merupakan milik organisasi?
0;Strategy;Measure;Kebijakan bahwa semua sumber daya informasi dan data merupakan milik organisasi ;Apakah organisasi melakukan audit untuk memverifikasi bahwa anggota organisasi mematuhi kebijakan kepemilikan data?
0;Strategy;Analyze;Kebijakan bahwa semua sumber daya informasi dan data merupakan milik organisasi ;Apakah organisasi menganalisis insiden kebocoran data untuk menentukan apakah pelanggaran kebijakan kepemilikan data adalah penyebabnya?
0;Strategy;Improve & Control;Kebijakan bahwa semua sumber daya informasi dan data merupakan milik organisasi ;Apakah organisasi menerapkan kontrol teknis (seperti manajemen hak akses) untuk menegakkan kebijakan kepemilikan data?
0;Strategy;Sustain;Kebijakan bahwa semua sumber daya informasi dan data merupakan milik organisasi ;Apakah organisasi secara konsisten meninjau dan memperkuat kebijakan ini untuk memastikan keberlanjutannya sebagai aset hukum dan operasional?
0;Strategy;Recognize;Kebijakan dalam keadaan bagaimanakah barang bukti digital dapat diamankan ;Apakah ada pemahaman bahwa pengamanan bukti yang tidak tepat waktu atau tidak teratur dapat merusak integritasnya?
0;Strategy;Define;Kebijakan dalam keadaan bagaimanakah barang bukti digital dapat diamankan ;Apakah Organisasi memiliki kebijakan yang jelas mengenai kondisi atau situasi di mana barang bukti digital dapat diamankan?
0;Strategy;Measure;Kebijakan dalam keadaan bagaimanakah barang bukti digital dapat diamankan ;Apakah organisasi mencatat setiap kejadian di mana bukti digital diamankan, termasuk waktu, alasan, dan personel yang terlibat?
0;Strategy;Analyze;Kebijakan dalam keadaan bagaimanakah barang bukti digital dapat diamankan ;Apakah organisasi menganalisis data insiden untuk menentukan apakah kebijakan pengamanan bukti sudah diterapkan secara konsisten?
0;Strategy;Improve & Control;Kebijakan dalam keadaan bagaimanakah barang bukti digital dapat diamankan ;Apakah ada program untuk memperbarui kebijakan ini agar relevan dengan jenis-jenis insiden baru?
0;Strategy;Sustain;Kebijakan dalam keadaan bagaimanakah barang bukti digital dapat diamankan ;Apakah kebijakan ini diintegrasikan ke dalam program pelatihan tim respons insiden secara berkelanjutan?
0;Strategy;Recognize;Kebijakan barang bukti digital apa saja yang harus diamankan ;Apakah ada pemahaman dasar mengenai pentingnya mengidentifikasi jenis data yang relevan dalam suatu insiden?
0;Strategy;Define;Kebijakan barang bukti digital apa saja yang harus diamankan ;Apakah terdapat kebijakan yang mengidentifikasi bukti digital mana yang harus diamankan (e.g., system logs, emails, databases, access records)?
0;Strategy;Measure;Kebijakan barang bukti digital apa saja yang harus diamankan ;Apakah ada mekanisme untuk memverifikasi bahwa bukti yang diamankan sesuai dengan daftar yang disebutkan dalam kebijakan?
0;Strategy;Analyze;Kebijakan barang bukti digital apa saja yang harus diamankan ;Apakah organisasi menganalisis kesenjangan antara jenis bukti yang diidentifikasi dalam kebijakan dengan bukti yang benar-benar relevan dalam investigasi aktual?
0;Strategy;Improve & Control;Kebijakan barang bukti digital apa saja yang harus diamankan ;Apakah ada kontrol yang memastikan bahwa daftar jenis bukti ini dikomunikasikan dengan baik kepada semua pihak yang terlibat dalam respons insiden?
0;Strategy;Sustain;Kebijakan barang bukti digital apa saja yang harus diamankan ;Apakah kebijakan ini secara rutin ditinjau dan disesuaikan berdasarkan pengalaman dari investigasi sebelumnya?
0;Strategy;Recognize;Kebijakan yang menyatakan cara dan situasi ketika bukti-bukti yang telah diamankan oleh organisasi dapat dilepaskan kepada pihak di luar organisasi, termasuk ketika harus dirujuk ke penegak hukum ;Apakah ada pemahaman dasar mengenai pentingnya prosedur formal untuk pelepasan bukti, terutama kepada penegak hukum?
0;Strategy;Define;Kebijakan yang menyatakan cara dan situasi ketika bukti-bukti yang telah diamankan oleh organisasi dapat dilepaskan kepada pihak di luar organisasi, termasuk ketika harus dirujuk ke penegak hukum ;Apakah terdapat kebijakan yang mengatur metode dan keadaan di mana bukti yang diamankan dapat diserahkan kepada pihak eksternal, termasuk ketika harus dirujuk ke penegak hukum?
0;Strategy;Measure;Kebijakan yang menyatakan cara dan situasi ketika bukti-bukti yang telah diamankan oleh organisasi dapat dilepaskan kepada pihak di luar organisasi, termasuk ketika harus dirujuk ke penegak hukum ;Apakah organisasi mencatat setiap pelepasan bukti, termasuk kepada siapa, kapan, dan bagaimana bukti tersebut diserahkan?
0;Strategy;Analyze;Kebijakan yang menyatakan cara dan situasi ketika bukti-bukti yang telah diamankan oleh organisasi dapat dilepaskan kepada pihak di luar organisasi, termasuk ketika harus dirujuk ke penegak hukum ;Apakah organisasi menganalisis proses pelepasan bukti untuk mengidentifikasi potensi kelemahan atau keterlambatan?
0;Strategy;Improve & Control;Kebijakan yang menyatakan cara dan situasi ketika bukti-bukti yang telah diamankan oleh organisasi dapat dilepaskan kepada pihak di luar organisasi, termasuk ketika harus dirujuk ke penegak hukum ;Apakah ada kontrol yang diterapkan untuk memastikan bahwa bukti yang dilepaskan telah diverifikasi keutuhannya dan didokumentasikan dengan benar?
0;Strategy;Sustain;Kebijakan yang menyatakan cara dan situasi ketika bukti-bukti yang telah diamankan oleh organisasi dapat dilepaskan kepada pihak di luar organisasi, termasuk ketika harus dirujuk ke penegak hukum ;Apakah kebijakan ini secara rutin ditinjau dan disesuaikan untuk memastikan kepatuhan terhadap hukum yang berkembang?
0;Strategy;Recognize;Kebijakan pembagian wewenang, tugas dan tanggungjawab terkait pengumpulan barang bukti digital, pemeliharaan dan pemeriksaannya ;Apakah organisasi menyadari pentingnya pembagian wewenang yang jelas dalam proses forensik digital?
0;Strategy;Define;Kebijakan pembagian wewenang, tugas dan tanggungjawab terkait pengumpulan barang bukti digital, pemeliharaan dan pemeriksaannya ;Apakah terdapat kebijakan mengenai pembagian wewenang, tugas, dan tanggung jawab terkait pengumpulan, pemeliharaan, dan pemeriksaan bukti digital?
0;Strategy;Measure;Kebijakan pembagian wewenang, tugas dan tanggungjawab terkait pengumpulan barang bukti digital, pemeliharaan dan pemeriksaannya ;Apakah organisasi mencatat dan memverifikasi bahwa setiap langkah dalam proses forensik digital (pengumpulan, pemeliharaan, pemeriksaan) dilakukan oleh personel yang berwenang?
0;Strategy;Analyze;Kebijakan pembagian wewenang, tugas dan tanggungjawab terkait pengumpulan barang bukti digital, pemeliharaan dan pemeriksaannya ;Apakah organisasi menganalisis alur kerja forensik digital untuk mengidentifikasi tumpang tindih atau kesenjangan dalam wewenang dan tanggung jawab?
0;Strategy;Improve & Control;Kebijakan pembagian wewenang, tugas dan tanggungjawab terkait pengumpulan barang bukti digital, pemeliharaan dan pemeriksaannya ;Apakah ada kontrol yang diterapkan untuk memastikan bahwa personel yang terlibat dalam setiap tahap memiliki kualifikasi yang sesuai?
0;Strategy;Sustain;Kebijakan pembagian wewenang, tugas dan tanggungjawab terkait pengumpulan barang bukti digital, pemeliharaan dan pemeriksaannya ;Apakah kebijakan pembagian wewenang ini diintegrasikan ke dalam deskripsi pekerjaan dan pelatihan rutin tim forensik digital?
0;Policy & Procedure;Recognize;Kebijakan dan prosedur sebagai pedoman untuk aktivitas dan operasi anggota organisasi yang menggunakan Teknologi Informasi dan Komunikasi (TIK);Apakah organisasi menyadari pentingnya memiliki kebijakan dan prosedur untuk mengatur penggunaan TIK oleh para anggota?
0;Policy & Procedure;Define;Kebijakan dan prosedur sebagai pedoman untuk aktivitas dan operasi anggota organisasi yang menggunakan Teknologi Informasi dan Komunikasi (TIK);Apakah terdapat kebijakan dan prosedur sebagai pedoman untuk aktivitas dan operasi anggota organisasi yang menggunakan Teknologi Informasi dan Komunikasi (TIK)?
0;Policy & Procedure;Measure;Kebijakan dan prosedur sebagai pedoman untuk aktivitas dan operasi anggota organisasi yang menggunakan Teknologi Informasi dan Komunikasi (TIK);Apakah kebijakan dan prosedur sebagai pedoman untuk aktivitas dan operasi anggota organisasi yang menggunakan Teknologi Informasi dan Komunikasi (TIK) telah dimonitor secara berkala?
0;Policy & Procedure;Analyze;Kebijakan dan prosedur sebagai pedoman untuk aktivitas dan operasi anggota organisasi yang menggunakan Teknologi Informasi dan Komunikasi (TIK);Apakah ada analisis terhadap kesenjangan atau kelemahan dalam kebijakan yang ada, berdasarkan hasil pemantauan?
0;Policy & Procedure;Improve & Control;Kebijakan dan prosedur sebagai pedoman untuk aktivitas dan operasi anggota organisasi yang menggunakan Teknologi Informasi dan Komunikasi (TIK);Apakah ada rencana untuk memperbarui kebijakan dan prosedur TIK agar tetap relevan dengan perkembangan teknologi?
0;Policy & Procedure;Sustain;Kebijakan dan prosedur sebagai pedoman untuk aktivitas dan operasi anggota organisasi yang menggunakan Teknologi Informasi dan Komunikasi (TIK);Apakah kebijakan dan prosedur TIK ditinjau dan diperbarui secara rutin untuk memastikan relevansinya?
0;Policy & Procedure;Recognize;Kebijakan terkait perlindungan data pribadi yang disusun sesuai dengan peraturan perundang-undangan yang berlaku (UU No.27 Tahun 2022 tentang Pelindungan Data Pribadi).;Apakah ada pemahaman awal mengenai tanggung jawab organisasi dalam melindungi data pribadi?
0;Policy & Procedure;Define;Kebijakan terkait perlindungan data pribadi yang disusun sesuai dengan peraturan perundang-undangan yang berlaku (UU No.27 Tahun 2022 tentang Pelindungan Data Pribadi).;Apakah organisasi sudah memiliki kebijakan terkait perlindungan data pribadi sesuai dengan peraturan perundang-undangan yang berlaku (UU PDP)?
0;Policy & Procedure;Measure;Kebijakan terkait perlindungan data pribadi yang disusun sesuai dengan peraturan perundang-undangan yang berlaku (UU No.27 Tahun 2022 tentang Pelindungan Data Pribadi).;Apakah organisasi secara rutin melakukan audit untuk mengukur kepatuhan terhadap kebijakan perlindungan data pribadi yang telah dibuat?
0;Policy & Procedure;Analyze;Kebijakan terkait perlindungan data pribadi yang disusun sesuai dengan peraturan perundang-undangan yang berlaku (UU No.27 Tahun 2022 tentang Pelindungan Data Pribadi).;Apakah organisasi menganalisis hasil audit dan laporan insiden untuk mengidentifikasi kelemahan dalam kebijakan atau prosedur yang ada?
0;Policy & Procedure;Improve & Control;Kebijakan terkait perlindungan data pribadi yang disusun sesuai dengan peraturan perundang-undangan yang berlaku (UU No.27 Tahun 2022 tentang Pelindungan Data Pribadi).;Apakah ada program untuk memperbarui kebijakan perlindungan data pribadi agar tetap relevan dengan perubahan regulasi dan teknologi?
0;Policy & Procedure;Sustain;Kebijakan terkait perlindungan data pribadi yang disusun sesuai dengan peraturan perundang-undangan yang berlaku (UU No.27 Tahun 2022 tentang Pelindungan Data Pribadi).;Apakah kebijakan perlindungan data pribadi menjadi bagian integral dari budaya kerja organisasi?
0;Policy & Procedure;Recognize;Sanksi bagi pelanggar kebijakan dan prosedur perlindungan data dan kesiapan forensik digital;Apakah organisasi menyadari pentingnya menetapkan sanksi yang jelas untuk pelanggaran kebijakan perlindungan data dan kesiapan forensik digital?
0;Policy & Procedure;Define;Sanksi bagi pelanggar kebijakan dan prosedur perlindungan data dan kesiapan forensik digital;Apakah sanksi untuk  pelanggar kebijakan dan prosedur perlindungan data dan kesiapan forensik digital telah ditetapkan?
0;Policy & Procedure;Measure;Sanksi bagi pelanggar kebijakan dan prosedur perlindungan data dan kesiapan forensik digital;Apakah ada pengukuran yang dilakukan untuk menilai seberapa sering pelanggaran terjadi setelah sanksi ditetapkan?
0;Policy & Procedure;Analyze;Sanksi bagi pelanggar kebijakan dan prosedur perlindungan data dan kesiapan forensik digital;Apakah ada analisis untuk mengevaluasi efektivitas sanksi yang diterapkan dalam mencegah pelanggaran di masa depan?
0;Policy & Procedure;Improve & Control;Sanksi bagi pelanggar kebijakan dan prosedur perlindungan data dan kesiapan forensik digital;Apakah ada program untuk meninjau dan memperbarui kebijakan sanksi agar lebih efektif dan adil?
0;Policy & Procedure;Sustain;Sanksi bagi pelanggar kebijakan dan prosedur perlindungan data dan kesiapan forensik digital;Apakah sistem sanksi ini menjadi bagian dari sistem manajemen kinerja dan kedisiplinan yang berkelanjutan?
0;Policy & Procedure;Recognize;Kebijakan bahwa semua sumber daya informasi dan data merupakan milik organisasi ;Apakah ada pemahaman dasar organisasi bahwa data yang dihasilkan atau disimpan di sistem organisasi adalah aset berharga yang harus dilindungi?
0;Policy & Procedure;Define;Kebijakan bahwa semua sumber daya informasi dan data merupakan milik organisasi ;Apakah terdapat kebijakan yang menyatakan bahwa semua sumber daya informasi dan data merupakan milik organisasi?
0;Policy & Procedure;Measure;Kebijakan bahwa semua sumber daya informasi dan data merupakan milik organisasi ;Apakah organisasi melakukan audit untuk memverifikasi bahwa anggota organisasi mematuhi kebijakan kepemilikan data?
0;Policy & Procedure;Analyze;Kebijakan bahwa semua sumber daya informasi dan data merupakan milik organisasi ;Apakah organisasi menganalisis insiden kebocoran data untuk menentukan apakah pelanggaran kebijakan kepemilikan data adalah penyebabnya?
0;Policy & Procedure;Improve & Control;Kebijakan bahwa semua sumber daya informasi dan data merupakan milik organisasi ;Apakah organisasi menerapkan kontrol teknis (seperti manajemen hak akses) untuk menegakkan kebijakan kepemilikan data?
0;Policy & Procedure;Sustain;Kebijakan bahwa semua sumber daya informasi dan data merupakan milik organisasi ;Apakah organisasi secara konsisten meninjau dan memperkuat kebijakan ini untuk memastikan keberlanjutannya sebagai aset hukum dan operasional?
0;Policy & Procedure;Recognize;Kebijakan dalam keadaan bagaimanakah barang bukti digital dapat diamankan ;Apakah ada pemahaman bahwa pengamanan bukti yang tidak tepat waktu atau tidak teratur dapat merusak integritasnya?
0;Policy & Procedure;Define;Kebijakan dalam keadaan bagaimanakah barang bukti digital dapat diamankan ;Apakah Organisasi memiliki kebijakan yang jelas mengenai kondisi atau situasi di mana barang bukti digital dapat diamankan?
0;Policy & Procedure;Measure;Kebijakan dalam keadaan bagaimanakah barang bukti digital dapat diamankan ;Apakah organisasi mencatat setiap kejadian di mana bukti digital diamankan, termasuk waktu, alasan, dan personel yang terlibat?
0;Policy & Procedure;Analyze;Kebijakan dalam keadaan bagaimanakah barang bukti digital dapat diamankan ;Apakah organisasi menganalisis data insiden untuk menentukan apakah kebijakan pengamanan bukti sudah diterapkan secara konsisten?
0;Policy & Procedure;Improve & Control;Kebijakan dalam keadaan bagaimanakah barang bukti digital dapat diamankan ;Apakah ada program untuk memperbarui kebijakan ini agar relevan dengan jenis-jenis insiden baru?
0;Policy & Procedure;Sustain;Kebijakan dalam keadaan bagaimanakah barang bukti digital dapat diamankan ;Apakah kebijakan ini diintegrasikan ke dalam program pelatihan tim respons insiden secara berkelanjutan?
0;Policy & Procedure;Recognize;Kebijakan barang bukti digital apa saja yang harus diamankan ;Apakah ada pemahaman dasar mengenai pentingnya mengidentifikasi jenis data yang relevan dalam suatu insiden?
0;Policy & Procedure;Define;Kebijakan barang bukti digital apa saja yang harus diamankan ;Apakah terdapat kebijakan yang mengidentifikasi bukti digital mana yang harus diamankan (e.g., system logs, emails, databases, access records)?
0;Policy & Procedure;Measure;Kebijakan barang bukti digital apa saja yang harus diamankan ;Apakah ada mekanisme untuk memverifikasi bahwa bukti yang diamankan sesuai dengan daftar yang disebutkan dalam kebijakan?
0;Policy & Procedure;Analyze;Kebijakan barang bukti digital apa saja yang harus diamankan ;Apakah organisasi menganalisis kesenjangan antara jenis bukti yang diidentifikasi dalam kebijakan dengan bukti yang benar-benar relevan dalam investigasi aktual?
0;Policy & Procedure;Improve & Control;Kebijakan barang bukti digital apa saja yang harus diamankan ;Apakah ada kontrol yang memastikan bahwa daftar jenis bukti ini dikomunikasikan dengan baik kepada semua pihak yang terlibat dalam respons insiden?
0;Policy & Procedure;Sustain;Kebijakan barang bukti digital apa saja yang harus diamankan ;Apakah kebijakan ini secara rutin ditinjau dan disesuaikan berdasarkan pengalaman dari investigasi sebelumnya?
0;Policy & Procedure;Recognize;Kebijakan yang menyatakan cara dan situasi ketika bukti-bukti yang telah diamankan oleh organisasi dapat dilepaskan kepada pihak di luar organisasi, termasuk ketika harus dirujuk ke penegak hukum ;Apakah ada pemahaman dasar mengenai pentingnya prosedur formal untuk pelepasan bukti, terutama kepada penegak hukum?
0;Policy & Procedure;Define;Kebijakan yang menyatakan cara dan situasi ketika bukti-bukti yang telah diamankan oleh organisasi dapat dilepaskan kepada pihak di luar organisasi, termasuk ketika harus dirujuk ke penegak hukum ;Apakah terdapat kebijakan yang mengatur metode dan keadaan di mana bukti yang diamankan dapat diserahkan kepada pihak eksternal, termasuk ketika harus dirujuk ke penegak hukum?
0;Policy & Procedure;Measure;Kebijakan yang menyatakan cara dan situasi ketika bukti-bukti yang telah diamankan oleh organisasi dapat dilepaskan kepada pihak di luar organisasi, termasuk ketika harus dirujuk ke penegak hukum ;Apakah organisasi mencatat setiap pelepasan bukti, termasuk kepada siapa, kapan, dan bagaimana bukti tersebut diserahkan?
0;Policy & Procedure;Analyze;Kebijakan yang menyatakan cara dan situasi ketika bukti-bukti yang telah diamankan oleh organisasi dapat dilepaskan kepada pihak di luar organisasi, termasuk ketika harus dirujuk ke penegak hukum ;Apakah organisasi menganalisis proses pelepasan bukti untuk mengidentifikasi potensi kelemahan atau keterlambatan?
0;Policy & Procedure;Improve & Control;Kebijakan yang menyatakan cara dan situasi ketika bukti-bukti yang telah diamankan oleh organisasi dapat dilepaskan kepada pihak di luar organisasi, termasuk ketika harus dirujuk ke penegak hukum ;Apakah ada kontrol yang diterapkan untuk memastikan bahwa bukti yang dilepaskan telah diverifikasi keutuhannya dan didokumentasikan dengan benar?
0;Policy & Procedure;Sustain;Kebijakan yang menyatakan cara dan situasi ketika bukti-bukti yang telah diamankan oleh organisasi dapat dilepaskan kepada pihak di luar organisasi, termasuk ketika harus dirujuk ke penegak hukum ;Apakah kebijakan ini secara rutin ditinjau dan disesuaikan untuk memastikan kepatuhan terhadap hukum yang berkembang?
0;Policy & Procedure;Recognize;Kebijakan pembagian wewenang, tugas dan tanggungjawab terkait pengumpulan barang bukti digital, pemeliharaan dan pemeriksaannya ;Apakah organisasi menyadari pentingnya pembagian wewenang yang jelas dalam proses forensik digital?
0;Policy & Procedure;Define;Kebijakan pembagian wewenang, tugas dan tanggungjawab terkait pengumpulan barang bukti digital, pemeliharaan dan pemeriksaannya ;Apakah terdapat kebijakan mengenai pembagian wewenang, tugas, dan tanggung jawab terkait pengumpulan, pemeliharaan, dan pemeriksaan bukti digital?
0;Policy & Procedure;Measure;Kebijakan pembagian wewenang, tugas dan tanggungjawab terkait pengumpulan barang bukti digital, pemeliharaan dan pemeriksaannya ;Apakah organisasi mencatat dan memverifikasi bahwa setiap langkah dalam proses forensik digital (pengumpulan, pemeliharaan, pemeriksaan) dilakukan oleh personel yang berwenang?
0;Policy & Procedure;Analyze;Kebijakan pembagian wewenang, tugas dan tanggungjawab terkait pengumpulan barang bukti digital, pemeliharaan dan pemeriksaannya ;Apakah organisasi menganalisis alur kerja forensik digital untuk mengidentifikasi tumpang tindih atau kesenjangan dalam wewenang dan tanggung jawab?
0;Policy & Procedure;Improve & Control;Kebijakan pembagian wewenang, tugas dan tanggungjawab terkait pengumpulan barang bukti digital, pemeliharaan dan pemeriksaannya ;Apakah ada kontrol yang diterapkan untuk memastikan bahwa personel yang terlibat dalam setiap tahap memiliki kualifikasi yang sesuai?
0;Policy & Procedure;Sustain;Kebijakan pembagian wewenang, tugas dan tanggungjawab terkait pengumpulan barang bukti digital, pemeliharaan dan pemeriksaannya ;Apakah kebijakan pembagian wewenang ini diintegrasikan ke dalam deskripsi pekerjaan dan pelatihan rutin tim forensik digital?
0;Technology & Security;Recognize;Jaminan manajemen log dari masing-masing sistem, pemeliharaan, dan pengelolaan. (Jaminan logs dianalisa secara berkala untuk memastikan akurasi, validitas, dan kelengkapan isinya untuk kepentingan jejak audit dan forensik);apakah dokumen log tersedia? 
0;Technology & Security;Define;Jaminan manajemen log dari masing-masing sistem, pemeliharaan, dan pengelolaan. (Jaminan logs dianalisa secara berkala untuk memastikan akurasi, validitas, dan kelengkapan isinya untuk kepentingan jejak audit dan forensik);Isi dari log tsb apa saja? Apakah terkait dgn insiden personal data breach?
0;Technology & Security;Measure;Jaminan manajemen log dari masing-masing sistem, pemeliharaan, dan pengelolaan. (Jaminan logs dianalisa secara berkala untuk memastikan akurasi, validitas, dan kelengkapan isinya untuk kepentingan jejak audit dan forensik);Apakah manajemen log dijamin untuk setiap sistem, termasuk dalam aspek pemeliharaan dan pengelolaan?
0;Technology & Security;Analyze;Jaminan manajemen log dari masing-masing sistem, pemeliharaan, dan pengelolaan. (Jaminan logs dianalisa secara berkala untuk memastikan akurasi, validitas, dan kelengkapan isinya untuk kepentingan jejak audit dan forensik);Apakah seluruh perubahan dalam sistem informasi secara otomatis tercatat dalam log?
0;Technology & Security;Improve & Control;Jaminan manajemen log dari masing-masing sistem, pemeliharaan, dan pengelolaan. (Jaminan logs dianalisa secara berkala untuk memastikan akurasi, validitas, dan kelengkapan isinya untuk kepentingan jejak audit dan forensik);Apakah upaya akses tidak sah secara otomatis tercatat dalam log?
0;Technology & Security;Sustain;Jaminan manajemen log dari masing-masing sistem, pemeliharaan, dan pengelolaan. (Jaminan logs dianalisa secara berkala untuk memastikan akurasi, validitas, dan kelengkapan isinya untuk kepentingan jejak audit dan forensik);Apakah semua log dianalisa secara berkala untuk memastikan akurasi, validitas, dan kelengkapan isinya (guna kepentingan jejak audit dan forensik)?
0;Technology & Security;Recognize;Manajemen media penyimpanan (misal CD, hardisk/HDD-SSD, flashdisk) dari masing-masing komputer dan server ;Apakah anggota organisasi menyadari pentingnya mengelola media penyimpanan (seperti CD, hard disk, SSD, flash disk) dari setiap komputer dan server?
0;Technology & Security;Define;Manajemen media penyimpanan (misal CD, hardisk/HDD-SSD, flashdisk) dari masing-masing komputer dan server ;Apakah manajemen media penyimpanan (misalnya CD, hard disk/HDD-SSD, flash disk) diterapkan untuk setiap komputer dan server?
0;Technology & Security;Measure;Manajemen media penyimpanan (misal CD, hardisk/HDD-SSD, flashdisk) dari masing-masing komputer dan server ;Apakah organisasi melakukan inventarisasi secara teratur terhadap semua media penyimpanan yang ada?
0;Technology & Security;Analyze;Manajemen media penyimpanan (misal CD, hardisk/HDD-SSD, flashdisk) dari masing-masing komputer dan server ;Apakah organisasi menganalisis dampak potensial dari kegagalan media penyimpanan terhadap operasional dan data penting?
0;Technology & Security;Improve & Control;Manajemen media penyimpanan (misal CD, hardisk/HDD-SSD, flashdisk) dari masing-masing komputer dan server ;Apakah organisasi menerapkan kontrol akses dan enkripsi untuk media penyimpanan guna mengurangi risiko keamanan?
0;Technology & Security;Sustain;Manajemen media penyimpanan (misal CD, hardisk/HDD-SSD, flashdisk) dari masing-masing komputer dan server ;Apakah ada tinjauan dan pembaruan rutin terhadap kebijakan manajemen media penyimpanan agar tetap relevan dengan perkembangan teknologi?
0;Technology & Security;Recognize;Ketersediaan alat akuisisi dan analisis untuk bukti digital, baik dalam bentuk perangkat keras (write block protector, etc.) maupun software (analysis tool);Apakah organisasi menyadari pentingnya memiliki alat akuisisi dan analisis untuk investigasi forensik digital?
0;Technology & Security;Define;Ketersediaan alat akuisisi dan analisis untuk bukti digital, baik dalam bentuk perangkat keras (write block protector, etc.) maupun software (analysis tool);Apakah alat akuisisi dan analisis untuk bukti digital (e.g., write block protectors, analysis software tool) tersedia?
0;Technology & Security;Measure;Ketersediaan alat akuisisi dan analisis untuk bukti digital, baik dalam bentuk perangkat keras (write block protector, etc.) maupun software (analysis tool);Seberapa sering inventarisasi dan verifikasi terhadap alat-alat tersebut dilakukan untuk memastikan fungsinya?
0;Technology & Security;Analyze;Ketersediaan alat akuisisi dan analisis untuk bukti digital, baik dalam bentuk perangkat keras (write block protector, etc.) maupun software (analysis tool);Apakah organisasi menganalisis efektivitas alat-alat yang ada dalam proses investigasi forensik digital?
0;Technology & Security;Improve & Control;Ketersediaan alat akuisisi dan analisis untuk bukti digital, baik dalam bentuk perangkat keras (write block protector, etc.) maupun software (analysis tool);Apakah ada kontrol untuk memastikan bahwa hanya personel yang berwenang dan terlatih yang dapat menggunakan alat-alat forensik digital?
0;Technology & Security;Sustain;Ketersediaan alat akuisisi dan analisis untuk bukti digital, baik dalam bentuk perangkat keras (write block protector, etc.) maupun software (analysis tool);Apakah anggaran untuk pemeliharaan dan pengadaan alat akuisisi dan analisis forensik digital dialokasikan secara berkelanjutan?
0;Technology & Security;Recognize;Jaminan keamanan barang bukti, baik secara online maupun offline, melalui imaging maupun penggandaan fisik ;Apakah organisasi menyadari pentingnya mengamankan barang bukti digital dari perubahan atau kerusakan? +D11:D25
0;Technology & Security;Define;Jaminan keamanan barang bukti, baik secara online maupun offline, melalui imaging maupun penggandaan fisik ;Apakah keamanan bukti, baik secara online maupun offline, dijamin melalui pencitraan dan duplikasi fisik?
0;Technology & Security;Measure;Jaminan keamanan barang bukti, baik secara online maupun offline, melalui imaging maupun penggandaan fisik ;Apakah organisasi mencatat setiap langkah yang diambil untuk mengamankan bukti (misalnya chain of custody), termasuk proses imaging dan duplikasi?
0;Technology & Security;Analyze;Jaminan keamanan barang bukti, baik secara online maupun offline, melalui imaging maupun penggandaan fisik ;Apakah organisasi menganalisis efektivitas metode keamanan bukti yang ada (misalnya imaging vs. duplikasi fisik) dalam menjaga integritas data?
0;Technology & Security;Improve & Control;Jaminan keamanan barang bukti, baik secara online maupun offline, melalui imaging maupun penggandaan fisik ;Apakah ada kontrol yang diterapkan, seperti enkripsi pada salinan bukti, untuk meningkatkan keamanannya?
0;Technology & Security;Sustain;Jaminan keamanan barang bukti, baik secara online maupun offline, melalui imaging maupun penggandaan fisik ;Apakah ada tinjauan rutin terhadap kebijakan keamanan bukti untuk memastikan relevansinya dengan perkembangan teknologi?
0;Technology & Security;Recognize;Ketersediaan perangkat pendukung digital forensic seperti cctv, finger print, dan autentikasi sistem;Apakah ada pemahaman awal mengenai bagaimana data dari perangkat ini dapat menjadi bukti digital?
0;Technology & Security;Define;Ketersediaan perangkat pendukung digital forensic seperti cctv, finger print, dan autentikasi sistem;Apakah perangkat pendukung forensik digital (misalnya, CCTV, pemindai sidik jari, alat autentikasi sistem) tersedia?
0;Technology & Security;Measure;Ketersediaan perangkat pendukung digital forensic seperti cctv, finger print, dan autentikasi sistem;Apakah ada inventarisasi dan pemantauan secara rutin terhadap status fungsionalitas perangkat pendukung forensik digital (misalnya, apakah CCTV berfungsi dengan baik, apakah log autentikasi sistem tersimpan)?
0;Technology & Security;Analyze;Ketersediaan perangkat pendukung digital forensic seperti cctv, finger print, dan autentikasi sistem;Apakah organisasi melakukan analisis terhadap kelemahan atau keterbatasan dari perangkat pendukung yang ada saat ini?
0;Technology & Security;Improve & Control;Ketersediaan perangkat pendukung digital forensic seperti cctv, finger print, dan autentikasi sistem;Apakah ada kontrol yang diterapkan untuk memastikan data dari perangkat-perangkat tersebut terlindungi dari pemalsuan atau penghapusan?
0;Technology & Security;Sustain;Ketersediaan perangkat pendukung digital forensic seperti cctv, finger print, dan autentikasi sistem;Apakah anggaran dan sumber daya dialokasikan secara berkelanjutan untuk pemeliharaan dan pembaruan perangkat pendukung forensik digital?
0;Technology & Security;Recognize;Ketersediaan perangkat pengamanan sistem seperti  antivirus, IDS, IPS, filter web, firewall, pencegahan kebocoran data.;Apakah anggota organisasi menyadari pentingnya memiliki perangkat pengamanan sistem seperti antivirus, IDS, IPS, dan firewall?
0;Technology & Security;Define;Ketersediaan perangkat pengamanan sistem seperti  antivirus, IDS, IPS, filter web, firewall, pencegahan kebocoran data.;Apakah perangkat keamanan sistem (seperti, antivirus, IDS, IPS, filter web, firewall, pencegahan kebocoran data) telah tersedia?
0;Technology & Security;Measure;Ketersediaan perangkat pengamanan sistem seperti  antivirus, IDS, IPS, filter web, firewall, pencegahan kebocoran data.;Apakah ada pengukuran yang dilakukan untuk menilai tingkat efektivitas perangkat-perangkat tersebut dalam mendeteksi dan mencegah ancaman?
0;Technology & Security;Analyze;Ketersediaan perangkat pengamanan sistem seperti  antivirus, IDS, IPS, filter web, firewall, pencegahan kebocoran data.;Apakah ada analisis kesenjangan untuk menentukan apakah perangkat pengamanan yang ada sudah memadai untuk menghadapi ancaman siber yang berkembang?
0;Technology & Security;Improve & Control;Ketersediaan perangkat pengamanan sistem seperti  antivirus, IDS, IPS, filter web, firewall, pencegahan kebocoran data.;Apakah ada program untuk memperbarui atau memutakhirkan perangkat keamanan sistem secara berkala (misalnya, migrasi ke versi yang lebih baru atau implementasi teknologi yang lebih canggih)?
0;Technology & Security;Sustain;Ketersediaan perangkat pengamanan sistem seperti  antivirus, IDS, IPS, filter web, firewall, pencegahan kebocoran data.;Apakah organisasi memiliki program berkelanjutan untuk pemeliharaan dan perpanjangan lisensi perangkat keamanan sistem?
0;Technology & Security;Recognize;Ketersediaan perangkat pendukung keamanan seperti enkripsi dan kriptografi  (termasuk   electronic certificates) dan siklus hidup penggunannya;Apakah anggota organisasi menyadari pentingnya enkripsi dan kriptografi (termasuk electronic certificates) untuk mengamankan data?
0;Technology & Security;Define;Ketersediaan perangkat pendukung keamanan seperti enkripsi dan kriptografi  (termasuk   electronic certificates) dan siklus hidup penggunannya;Apakah organisasi sudah memiliki perangkat pendukung keamanan seperti enkripsi dan kriptografi  (termasuk electronic certificates) dan siklus hidup penggunaannya?
0;Technology & Security;Measure;Ketersediaan perangkat pendukung keamanan seperti enkripsi dan kriptografi  (termasuk   electronic certificates) dan siklus hidup penggunannya;Apakah organisasi secara rutin memantau status penggunaan electronic certificates dan masa berlakunya?
0;Technology & Security;Analyze;Ketersediaan perangkat pendukung keamanan seperti enkripsi dan kriptografi  (termasuk   electronic certificates) dan siklus hidup penggunannya;Apakah ada analisis terhadap siklus hidup penggunaan kunci enkripsi dan electronic certificate untuk memastikan keamanannya?
0;Technology & Security;Improve & Control;Ketersediaan perangkat pendukung keamanan seperti enkripsi dan kriptografi  (termasuk   electronic certificates) dan siklus hidup penggunannya;Apakah ada kontrol yang diterapkan untuk mengelola kunci enkripsi dan electronic certificate (misalnya, prosedur penyimpanan yang aman)?
0;Technology & Security;Sustain;Ketersediaan perangkat pendukung keamanan seperti enkripsi dan kriptografi  (termasuk   electronic certificates) dan siklus hidup penggunannya;"Apakah organisasi memiliki anggaran untuk pemeliharaan dan pembaruan perangkat enkripsi dan e-certificate dialokasikan secara konsisten setiap tahun."""
0;DF Response;Recognize;Standar Operasional  Prosedur (SOP) untuk penanganan insiden dan tindakan forensik digital;Apakah organisasi menyadari pentingnya memiliki Standar Operasional Prosedur (SOP) formal untuk penanganan insiden dan forensik digital?
0;DF Response;Define;Standar Operasional  Prosedur (SOP) untuk penanganan insiden dan tindakan forensik digital;Apakah  standar operasional  prosedur (SOP) untuk penanganan insiden dan tindakan forensik digital tersedia?
0;DF Response;Measure;Standar Operasional  Prosedur (SOP) untuk penanganan insiden dan tindakan forensik digital;Apakah organisasi secara rutin melakukan audit atau simulasi untuk mengukur kepatuhan terhadap SOP penanganan insiden?
0;DF Response;Analyze;Standar Operasional  Prosedur (SOP) untuk penanganan insiden dan tindakan forensik digital;Apakah organisasi menganalisis hasil dari audit atau simulasi untuk mengidentifikasi kelemahan atau kesenjangan dalam SOP?
0;DF Response;Improve & Control;Standar Operasional  Prosedur (SOP) untuk penanganan insiden dan tindakan forensik digital;Apakah ada program untuk memperbarui dan merevisi SOP berdasarkan umpan balik dari tim respons insiden dan pembelajaran dari insiden sebelumnya?
0;DF Response;Sustain;Standar Operasional  Prosedur (SOP) untuk penanganan insiden dan tindakan forensik digital;Apakah SOP penanganan insiden dan forensik digital menjadi bagian dari pelatihan rutin bagi semua personel yang relevan?
0;DF Response;Recognize;Ketersediaan sumber daya manusia dengan sertifikasi atau keahlian dalam forensik digital ;Apakah organisasi menyadari pentingnya memiliki SDM dengan sertifikasi atau keahlian khusus dalam forensik digital?
0;DF Response;Define;Ketersediaan sumber daya manusia dengan sertifikasi atau keahlian dalam forensik digital ;Apakah sumber daya manusia dengan sertifikasi atau keahlian dalam forensik digital tersedia?
0;DF Response;Measure;Ketersediaan sumber daya manusia dengan sertifikasi atau keahlian dalam forensik digital ;Apakah organisasi secara rutin menginventarisasi dan mencatat keahlian, sertifikasi, serta pengalaman tim forensik digital yang ada?
0;DF Response;Analyze;Ketersediaan sumber daya manusia dengan sertifikasi atau keahlian dalam forensik digital ;Apakah ada analisis terhadap efektivitas sertifikasi atau pelatihan yang telah diambil oleh tim forensik digital?
0;DF Response;Improve & Control;Ketersediaan sumber daya manusia dengan sertifikasi atau keahlian dalam forensik digital ;Apakah ada program pengembangan profesional atau pelatihan berkelanjutan untuk meningkatkan keahlian tim forensik digital?
0;DF Response;Sustain;Ketersediaan sumber daya manusia dengan sertifikasi atau keahlian dalam forensik digital ;Apakah organisasi memiliki rencana suksesi untuk memastikan keberlanjutan keahlian forensik digital di dalam organisasi?
0;DF Response;Recognize;Tim penanganan kejahatan siber dan respons forensik digital;Apakah organisasi menyadari pentingnya memiliki tim khusus untuk menangani kejahatan siber dan respons forensik digital?
0;DF Response;Define;Tim penanganan kejahatan siber dan respons forensik digital;Apakah tim penanganan kejahatan siber dan respons forensik digital telah dibentuk?
0;DF Response;Measure;Tim penanganan kejahatan siber dan respons forensik digital;Apakah ada pengukuran yang dilakukan untuk menilai efektivitas tim dalam mengidentifikasi, mengelola, dan menyelesaikan insiden siber?
0;DF Response;Analyze;Tim penanganan kejahatan siber dan respons forensik digital;Apakah organisasi menganalisis performa tim setelah setiap insiden untuk mengidentifikasi area yang membutuhkan perbaikan?
0;DF Response;Improve & Control;Tim penanganan kejahatan siber dan respons forensik digital;Apakah ada program pelatihan dan latihan simulasi yang rutin untuk meningkatkan kapabilitas tim?
0;DF Response;Sustain;Tim penanganan kejahatan siber dan respons forensik digital;Apakah tim ini memiliki dukungan manajemen dan alokasi anggaran yang konsisten untuk memastikan keberlanjutannya?
0;DF Response;Recognize;Petunjuk teknis pengaduan maupun pelaporan insiden;Apakah organisasi menyadari pentingnya memiliki petunjuk teknis yang jelas untuk pengaduan dan pelaporan insiden?
0;DF Response;Define;Petunjuk teknis pengaduan maupun pelaporan insiden;Apakah organisasi telah memiliki Petunjuk teknis pengaduan maupun pelaporan insiden?
0;DF Response;Measure;Petunjuk teknis pengaduan maupun pelaporan insiden;Apakah organisasi mencatat jumlah pengaduan atau laporan insiden yang masuk dan memverifikasi apakah laporan tersebut dibuat sesuai dengan petunjuk teknis?
0;DF Response;Analyze;Petunjuk teknis pengaduan maupun pelaporan insiden;Apakah ada analisis terhadap kasus-kasus di mana insiden terlambat dilaporkan karena petunjuk yang tidak jelas?
0;DF Response;Improve & Control;Petunjuk teknis pengaduan maupun pelaporan insiden;Apakah ada kontrol yang diterapkan untuk memastikan bahwa petunjuk teknis tersedia dan dapat diakses oleh seluruh anggota organisasi?
0;DF Response;Sustain;Petunjuk teknis pengaduan maupun pelaporan insiden;Apakah organisasi secara konsisten mengkomunikasikan dan mempromosikan pentingnya petunjuk teknis ini untuk memastikan keberlanjutannya?
0;DF Response;Recognize;Alat peraga, petunjuk dan arahan mengenai cyber crime berupa poster, banner, dan alat peraga lainya ;Apakah organisasi menyadari pentingnya mengedukasi anggota tentang risiko cybercrime?
0;DF Response;Define;Alat peraga, petunjuk dan arahan mengenai cyber crime berupa poster, banner, dan alat peraga lainya ;Apakah alat bantu visual, pedoman, atau instruksi (misalnya, poster, spanduk) mengenai kejahatan siber tersedia?
0;DF Response;Measure;Alat peraga, petunjuk dan arahan mengenai cyber crime berupa poster, banner, dan alat peraga lainya ;Apakah organisasi mencatat lokasi penempatan dan jumlah alat peraga yang tersedia?
0;DF Response;Analyze;Alat peraga, petunjuk dan arahan mengenai cyber crime berupa poster, banner, dan alat peraga lainya ;Apakah ada analisis terhadap dampak alat peraga dalam mengurangi insiden siber yang disebabkan oleh kesalahan manusia?
0;DF Response;Improve & Control;Alat peraga, petunjuk dan arahan mengenai cyber crime berupa poster, banner, dan alat peraga lainya ;Apakah ada kontrol yang diterapkan untuk memastikan bahwa materi edukasi ini konsisten dan disebarkan ke seluruh area kerja?
0;DF Response;Sustain;Alat peraga, petunjuk dan arahan mengenai cyber crime berupa poster, banner, dan alat peraga lainya ;Apakah edukasi ini menjadi bagian dari kampanye kesadaran keamanan siber yang berkelanjutan dan terintegrasi dalam budaya organisasi?
0;DF Response;Recognize;Sekretariat  pengaduan, informasi, dan pelaporan kejahatan siber;Apakah organisasi menyadari perlunya titik kontak terpusat untuk pengaduan, informasi, dan pelaporan kejahatan siber?
0;DF Response;Define;Sekretariat  pengaduan, informasi, dan pelaporan kejahatan siber;Apakah sekretariat untuk pengaduan, informasi, dan pelaporan kejahatan siber telah dibentuk?
0;DF Response;Measure;Sekretariat  pengaduan, informasi, dan pelaporan kejahatan siber;Apakah organisasi mencatat jumlah dan jenis laporan yang diterima oleh sekretariat?
0;DF Response;Analyze;Sekretariat  pengaduan, informasi, dan pelaporan kejahatan siber;Apakah organisasi menganalisis data dari laporan yang diterima oleh sekretariat untuk mengidentifikasi tren kejahatan siber yang mungkin terjadi?
0;DF Response;Improve & Control;Sekretariat  pengaduan, informasi, dan pelaporan kejahatan siber;Apakah ada program untuk meningkatkan prosedur operasional sekretariat agar lebih efisien dan ramah pengguna?
0;DF Response;Sustain;Sekretariat  pengaduan, informasi, dan pelaporan kejahatan siber;Apakah fungsi sekretariat secara rutin ditinjau dan disesuaikan untuk memastikan bahwa ia tetap relevan dengan kebutuhan organisasi dan jenis kejahatan siber yang berkembang?
0;Control;Recognize;Pengawasan program Keamanan Informasi dan Digital Forensic Readiness ;Apakah organisasi menyadari pentingnya pengawasan berkelanjutan terhadap program keamanan informasi dan kesiapan forensik digital?
0;Control;Define;Pengawasan program Keamanan Informasi dan Digital Forensic Readiness ;Apakah terdapat pemantauan terhadap program keamanan informasi dan kesiapan forensik digital?
0;Control;Measure;Pengawasan program Keamanan Informasi dan Digital Forensic Readiness ;Seberapa sering pengawasan dan evaluasi terhadap program keamanan informasi dan kesiapan forensik digital dilakukan?
0;Control;Analyze;Pengawasan program Keamanan Informasi dan Digital Forensic Readiness ;Apakah organisasi menganalisis data dari hasil pengawasan untuk mengidentifikasi tren, kelemahan, atau area yang membutuhkan perbaikan?
0;Control;Improve & Control;Pengawasan program Keamanan Informasi dan Digital Forensic Readiness ;Apakah ada program yang jelas untuk menindaklanjuti temuan dari pengawasan dan menerapkan perbaikan yang diperlukan?
0;Control;Sustain;Pengawasan program Keamanan Informasi dan Digital Forensic Readiness ;Apakah proses pengawasan ini menjadi bagian integral dari siklus manajemen program keamanan informasi dan forensik digital yang berkelanjutan?
0;Control;Recognize;Evaluasi secara berkala program keamanan informasi dan kesiapan forensik digital;Apakah organisasi menyadari pentingnya mengevaluasi program keamanan informasi dan kesiapan forensik digital secara berkala?
0;Control;Define;Evaluasi secara berkala program keamanan informasi dan kesiapan forensik digital;Apakah evaluasi berkala dilakukan terhadap program keamanan informasi dan kesiapan forensik digital?
0;Control;Measure;Evaluasi secara berkala program keamanan informasi dan kesiapan forensik digital;Apakah organisasi mencatat temuan, hasil, dan rekomendasi dari setiap evaluasi yang dilakukan?
0;Control;Analyze;Evaluasi secara berkala program keamanan informasi dan kesiapan forensik digital;Apakah organisasi menganalisis temuan evaluasi untuk mengidentifikasi tren kinerja, kelemahan, atau area yang berulang kali bermasalah?
0;Control;Improve & Control;Evaluasi secara berkala program keamanan informasi dan kesiapan forensik digital;Rencana tindakan yang dibuat untuk menindaklanjuti rekomendasi dari hasil evaluasi?
0;Control;Sustain;Evaluasi secara berkala program keamanan informasi dan kesiapan forensik digital;Apakah proses evaluasi program ini menjadi bagian dari siklus manajemen yang berkelanjutan dan didukung oleh manajemen senior?
0;Control;Recognize;Sosialisasi program keamanan informasi dan digital forensik kepada anggota organisasi ;Apakah organisasi menyadari pentingnya mensosialisasikan program keamanan informasi dan forensik digital kepada seluruh anggota?
0;Control;Define;Sosialisasi program keamanan informasi dan digital forensik kepada anggota organisasi ;Apakah program keamanan informasi dan forensik digital disosialisasikan kepada anggota organisasi?
0;Control;Measure;Sosialisasi program keamanan informasi dan digital forensik kepada anggota organisasi ;Apakah ada pengukuran yang dilakukan (misalnya, melalui survei atau kuis) untuk menilai tingkat pemahaman anggota setelah sosialisasi?
0;Control;Analyze;Sosialisasi program keamanan informasi dan digital forensik kepada anggota organisasi ;Apakah organisasi menganalisis data partisipasi dan hasil pengukuran pemahaman untuk mengidentifikasi kelompok anggota yang belum terjangkau atau kurang paham?
0;Control;Improve & Control;Sosialisasi program keamanan informasi dan digital forensik kepada anggota organisasi ;Apakah ada kontrol yang diterapkan untuk memastikan bahwa sosialisasi menjangkau seluruh anggota organisasi, termasuk yang baru bergabung?
0;Control;Sustain;Sosialisasi program keamanan informasi dan digital forensik kepada anggota organisasi ;Apakah sosialisasi program keamanan informasi menjadi bagian integral dari program orientasi karyawan baru dan pelatihan rutin?
0;Control;Recognize;Pemahaman pada anggota setiap proses digital forensic dan resiko kegagalan setiap proses ;Apakah organisasi menyadari bahwa kurangnya pemahaman anggota tentang forensik digital dapat meningkatkan risiko kegagalan dalam investigasi?
0;Control;Define;Pemahaman pada anggota setiap proses digital forensic dan resiko kegagalan setiap proses ;Apakah anggota memahami setiap proses forensik digital dan risiko kegagalan dalam setiap proses?
0;Control;Measure;Pemahaman pada anggota setiap proses digital forensic dan resiko kegagalan setiap proses ;Apakah organisasi melakukan survei atau tes untuk mengukur tingkat pemahaman anggota terhadap proses forensik digital dan risikonya?
0;Control;Analyze;Pemahaman pada anggota setiap proses digital forensic dan resiko kegagalan setiap proses ;Apakah organisasi menganalisis hasil pengukuran pemahaman untuk mengidentifikasi area atau kelompok anggota yang paling berisiko?
0;Control;Improve & Control;Pemahaman pada anggota setiap proses digital forensic dan resiko kegagalan setiap proses ;Apakah ada program pelatihan atau edukasi yang dirancang khusus untuk mengatasi kesenjangan pemahaman yang teridentifikasi?
0;Control;Sustain;Pemahaman pada anggota setiap proses digital forensic dan resiko kegagalan setiap proses ;Apakah pemahaman ini menjadi bagian dari budaya organisasi yang didukung oleh manajemen secara berkelanjutan?
0;Control;Recognize;Pembaharuan (update) perangkat, tool, dan sistem secara berkala ;Apakah organisasi menyadari pentingnya memperbarui perangkat, tool, dan sistem secara berkala untuk menjaga keamanan dan efektivitas forensik digital?
0;Control;Define;Pembaharuan (update) perangkat, tool, dan sistem secara berkala ;Apakah perangkat, alat, dan sistem diperbarui secara berkala?
0;Control;Measure;Pembaharuan (update) perangkat, tool, dan sistem secara berkala ;Apakah organisasi secara rutin memantau dan mencatat status pembaruan dari setiap perangkat, tool, dan sistem?
0;Control;Analyze;Pembaharuan (update) perangkat, tool, dan sistem secara berkala ;Apakah organisasi menganalisis log pembaruan dan data insiden untuk mengidentifikasi korelasi antara kerentanan dengan perangkat yang belum diperbarui?
0;Control;Improve & Control;Pembaharuan (update) perangkat, tool, dan sistem secara berkala ;Apakah ada program untuk mengotomatisasi proses pembaruan guna meningkatkan efisiensi dan mengurangi risiko?
0;Control;Sustain;Pembaharuan (update) perangkat, tool, dan sistem secara berkala ;Apakah kebijakan pembaruan ini secara rutin ditinjau dan disesuaikan untuk menghadapi teknologi dan ancaman yang baru?
0;Control;Recognize;Pembahasan hasil investigasi maupun publikasi hasil investigasi departemen/sub bagian;Apakah organisasi menyadari bahwa pembahasan dan publikasi hasil investigasi merupakan sarana penting untuk pembelajaran dan pencegahan insiden di masa depan?
0;Control;Define;Pembahasan hasil investigasi maupun publikasi hasil investigasi departemen/sub bagian;Apakah hasil investigasi dibahas dan temuan dipublikasikan kepada kepala departemen atau subbagian?
0;Control;Measure;Pembahasan hasil investigasi maupun publikasi hasil investigasi departemen/sub bagian;Apakah organisasi mencatat setiap pembahasan dan publikasi hasil investigasi yang telah dilakukan?
0;Control;Analyze;Pembahasan hasil investigasi maupun publikasi hasil investigasi departemen/sub bagian;Apakah ada analisis yang dilakukan untuk menentukan apakah temuan investigasi yang dipublikasikan telah ditindaklanjuti dengan perbaikan?
0;Control;Improve & Control;Pembahasan hasil investigasi maupun publikasi hasil investigasi departemen/sub bagian;Apakah ada kontrol yang diterapkan untuk memastikan bahwa rekomendasi dari hasil investigasi diimplementasikan oleh departemen yang bersangkutan?
0;Control;Sustain;Pembahasan hasil investigasi maupun publikasi hasil investigasi departemen/sub bagian;Apakah pembahasan dan publikasi hasil investigasi merupakan bagian dari siklus manajemen insiden yang terintegrasi dan berkelanjutan?
0;Law & Regulation;Recognize;Kebijakan peninjauan aspek hukum setiap proses investigasi digital forensic dan insiden;Apakah organisasi menyadari pentingnya meninjau aspek hukum dari setiap investigasi digital?
0;Law & Regulation;Define;Kebijakan peninjauan aspek hukum setiap proses investigasi digital forensic dan insiden;Apakah terdapat kebijakan untuk meninjau aspek hukum dari setiap insiden dan investigasi forensik digital ?
0;Law & Regulation;Measure;Kebijakan peninjauan aspek hukum setiap proses investigasi digital forensic dan insiden;Apakah organisasi mencatat setiap insiden atau investigasi yang telah melewati peninjauan aspek hukum?
0;Law & Regulation;Analyze;Kebijakan peninjauan aspek hukum setiap proses investigasi digital forensic dan insiden;Apakah organisasi menganalisis temuan dari setiap peninjauan hukum untuk mengidentifikasi pola kelemahan dalam prosedur forensik?
0;Law & Regulation;Improve & Control;Kebijakan peninjauan aspek hukum setiap proses investigasi digital forensic dan insiden;Apakah ada program untuk memperbarui prosedur forensik digital berdasarkan rekomendasi dari tim hukum?
0;Law & Regulation;Sustain;Kebijakan peninjauan aspek hukum setiap proses investigasi digital forensic dan insiden;Apakah kebijakan peninjauan aspek hukum ini ditinjau dan diperbarui secara rutin untuk memastikan relevansinya dengan perubahan regulasi?
0;Law & Regulation;Recognize;Keterlibatan penegak hukum, ahli, auditor profesional dalam evaluasi digital forensic atau cyber crime pada organisasi;Apakah organisasi menyadari perlunya melibatkan penegak hukum, ahli, atau auditor profesional dalam evaluasi forensik digital atau kejahatan siber, meskipun belum ada kebijakan tertulis?
0;Law & Regulation;Define;Keterlibatan penegak hukum, ahli, auditor profesional dalam evaluasi digital forensic atau cyber crime pada organisasi;Apakah organisasi memiliki kebijakan atau prosedur tertulis yang mengatur keterlibatan penegak hukum, ahli, atau auditor profesional dalam evaluasi forensik digital atau kejahatan siber?
0;Law & Regulation;Measure;Keterlibatan penegak hukum, ahli, auditor profesional dalam evaluasi digital forensic atau cyber crime pada organisasi;Apakah penegak hukum, ahli, dan auditor profesional dilibatkan dalam mengevaluasi forensik digital atau kejahatan siber di dalam organisasi, dan apakah keterlibatan tersebut terdokumentasi?
0;Law & Regulation;Analyze;Keterlibatan penegak hukum, ahli, auditor profesional dalam evaluasi digital forensic atau cyber crime pada organisasi;Apakah organisasi mengevaluasi efektivitas keterlibatan penegak hukum, ahli, atau auditor profesional dalam investigasi siber sebelumnya untuk mengidentifikasi area perbaikan?
0;Law & Regulation;Improve & Control;Keterlibatan penegak hukum, ahli, auditor profesional dalam evaluasi digital forensic atau cyber crime pada organisasi;Apakah hasil evaluasi keterlibatan pihak eksternal digunakan untuk memperbaiki prosedur investigasi dan memastikan penerapan perbaikan tersebut secara konsisten?
0;Law & Regulation;Sustain;Keterlibatan penegak hukum, ahli, auditor profesional dalam evaluasi digital forensic atau cyber crime pada organisasi;Apakah keterlibatan penegak hukum, ahli, atau auditor profesional sudah menjadi praktik standar yang secara berkelanjutan dipelihara dan ditingkatkan dalam investigasi forensik digital atau kejahatan siber?
0;Law & Regulation;Recognize;Pemahaman setiap anggota institusi terhadap Undang-Undang yang mengatur tentang informasi dan transaksi elektronik, data digital, dan pelindungan data pribadi;Apakah anggota institusi mengetahui bahwa terdapat undang-undang yang mengatur informasi dan transaksi elektronik, data digital, serta pelindungan data pribadi?
0;Law & Regulation;Define;Pemahaman setiap anggota institusi terhadap Undang-Undang yang mengatur tentang informasi dan transaksi elektronik, data digital, dan pelindungan data pribadi;Apakah organisasi memiliki kebijakan atau panduan internal terkait pemahaman dan penerapan undang-undang ITE, data digital, serta pelindungan data pribadi?
0;Law & Regulation;Measure;Pemahaman setiap anggota institusi terhadap Undang-Undang yang mengatur tentang informasi dan transaksi elektronik, data digital, dan pelindungan data pribadi;Apakah anggota institusi memahami Undang-Undang yang mengatur tentang informasi dan transaksi elektronik, data digital, dan pelindungan data pribadi, serta dapat menunjukkan buktinya melalui asesmen atau evaluasi?
0;Law & Regulation;Analyze;Pemahaman setiap anggota institusi terhadap Undang-Undang yang mengatur tentang informasi dan transaksi elektronik, data digital, dan pelindungan data pribadi;Apakah organisasi menganalisis hasil evaluasi pemahaman anggota terhadap undang-undang ITE, data digital, dan pelindungan data pribadi untuk mengidentifikasi kesenjangan?
0;Law & Regulation;Improve & Control;Pemahaman setiap anggota institusi terhadap Undang-Undang yang mengatur tentang informasi dan transaksi elektronik, data digital, dan pelindungan data pribadi;Apakah organisasi memperbaiki materi dan metode pelatihan berdasarkan hasil evaluasi, serta memastikan pemahaman anggota selalu diperbarui?
0;Law & Regulation;Sustain;Pemahaman setiap anggota institusi terhadap Undang-Undang yang mengatur tentang informasi dan transaksi elektronik, data digital, dan pelindungan data pribadi;Apakah pemahaman anggota terhadap undang-undang ITE, data digital, dan pelindungan data pribadi sudah menjadi praktik standar yang dipelihara dan disesuaikan dengan perkembangan hukum terbaru?
0;Law & Regulation;Recognize;Sosialisasi peraturan dan Undang-Undang yang mengatur tentang informasi dan transaksi elektronik, data digital, dan pelindungan data pribadi;Apakah organisasi menyadari pentingnya sosialisasi peraturan dan Undang-Undang yang mengatur ITE, data digital, dan pelindungan data pribadi kepada seluruh anggota?
0;Law & Regulation;Define;Sosialisasi peraturan dan Undang-Undang yang mengatur tentang informasi dan transaksi elektronik, data digital, dan pelindungan data pribadi;Apakah organisasi memiliki kebijakan atau rencana tertulis untuk melakukan sosialisasi peraturan dan Undang-Undang terkait ITE, data digital, dan pelindungan data pribadi?
0;Law & Regulation;Measure;Sosialisasi peraturan dan Undang-Undang yang mengatur tentang informasi dan transaksi elektronik, data digital, dan pelindungan data pribadi;Apakah peraturan dan Undang-Undang yang mengatur tentang informasi dan transaksi elektronik, data digital, dan pelindungan data pribadi telah disosialisasikan dan terdokumentasi?
0;Law & Regulation;Analyze;Sosialisasi peraturan dan Undang-Undang yang mengatur tentang informasi dan transaksi elektronik, data digital, dan pelindungan data pribadi;Apakah organisasi melakukan evaluasi terhadap efektivitas sosialisasi peraturan dan Undang-Undang terkait ITE, data digital, dan pelindungan data pribadi?
0;Law & Regulation;Improve & Control;Sosialisasi peraturan dan Undang-Undang yang mengatur tentang informasi dan transaksi elektronik, data digital, dan pelindungan data pribadi;Apakah hasil evaluasi sosialisasi digunakan untuk memperbaiki metode penyampaian dan memastikan kualitas sosialisasi secara konsisten?
0;Law & Regulation;Sustain;Sosialisasi peraturan dan Undang-Undang yang mengatur tentang informasi dan transaksi elektronik, data digital, dan pelindungan data pribadi;Apakah sosialisasi peraturan dan Undang-Undang terkait ITE, data digital, dan pelindungan data pribadi dilakukan secara berkelanjutan dan diperbarui mengikuti perubahan regulasi?
0;Law & Regulation;Recognize;Identifikasi kebijakan-kebijakan untuk menjamin pengumpulan barang bukti sesuai dengan legalitas hukum yang ada;Apakah organisasi menyadari pentingnya memiliki kebijakan internal untuk menjamin pengumpulan bukti sesuai legalitas hukum yang berlaku?
0;Law & Regulation;Define;Identifikasi kebijakan-kebijakan untuk menjamin pengumpulan barang bukti sesuai dengan legalitas hukum yang ada;Apakah organisasi memiliki kebijakan atau panduan awal terkait pengumpulan bukti sesuai legalitas hukum yang berlaku?
0;Law & Regulation;Measure;Identifikasi kebijakan-kebijakan untuk menjamin pengumpulan barang bukti sesuai dengan legalitas hukum yang ada;Apakah kebijakan-kebijakan internal organisasi untuk memastikan pengumpulan bukti sesuai dengan legalitas yang berlaku telah diidentifikasi dan didokumentasikan?
0;Law & Regulation;Analyze;Identifikasi kebijakan-kebijakan untuk menjamin pengumpulan barang bukti sesuai dengan legalitas hukum yang ada;Apakah organisasi mengevaluasi kebijakan pengumpulan bukti untuk memastikan kesesuaiannya dengan ketentuan hukum yang berlaku?
0;Law & Regulation;Improve & Control;Identifikasi kebijakan-kebijakan untuk menjamin pengumpulan barang bukti sesuai dengan legalitas hukum yang ada;Apakah hasil evaluasi kebijakan digunakan untuk memperbarui prosedur pengumpulan bukti dan memastikan pengendaliannya secara berkala?
0;Law & Regulation;Sustain;Identifikasi kebijakan-kebijakan untuk menjamin pengumpulan barang bukti sesuai dengan legalitas hukum yang ada;Apakah kebijakan pengumpulan bukti telah menjadi praktik standar yang terus dipelihara dan diperbarui sesuai perkembangan regulasi hukum?
0;People & Capacity Dev;Recognize;Pelatihan-pelatihan SDM mengenai penanganan cyber security dan digital forensic ;Apakah pegawai memahami pentingnya bukti digital?
0;People & Capacity Dev;Define;Pelatihan-pelatihan SDM mengenai penanganan cyber security dan digital forensic ;Apakah organisasi sudah memberikan pelatihan informal maupun formal terkait DFR kepada pegawai ?
0;People & Capacity Dev;Measure;Pelatihan-pelatihan SDM mengenai penanganan cyber security dan digital forensic ;Apakah terdapat program pelatihan sumber daya manusia dalam menangani keamanan siber dan forensik digital?
0;People & Capacity Dev;Analyze;Pelatihan-pelatihan SDM mengenai penanganan cyber security dan digital forensic ;Apakah evaluasi berkala telah dilakukan terhadap bagaimana pengetahuan yang telah diperoleh pegawai (terutama dalam konteks DFR dan keamaan siber) diterapkan dalam pekerjaan sehari-hari?
0;People & Capacity Dev;Improve & Control;Pelatihan-pelatihan SDM mengenai penanganan cyber security dan digital forensic ;Apakah Divisi sumber daya manusia memastikan jumlah yang tepat karyawan yang terampil dalam DF?
0;People & Capacity Dev;Sustain;Pelatihan-pelatihan SDM mengenai penanganan cyber security dan digital forensic ;Apakah Pelatihan-pelatihan SDM mengenai penanganan cyber security dan digital forensic menjadi program yang berkesinambungan?
0;People & Capacity Dev;Recognize;Pelatihan menghadapi cyber crime, pelanggaran pelindungan data pribadi, dan proses hukum;Apakah organisasi menyadari pentingnya pelatihan untuk menghadapi cyber crime, pelanggaran pelindungan data pribadi, dan proses hukum?
0;People & Capacity Dev;Define;Pelatihan menghadapi cyber crime, pelanggaran pelindungan data pribadi, dan proses hukum;Apakah organisasi memiliki kebijakan atau rencana tertulis untuk mengadakan pelatihan menghadapi cyber crime, pelanggaran pelindungan data pribadi, dan proses hukum?
0;People & Capacity Dev;Measure;Pelatihan menghadapi cyber crime, pelanggaran pelindungan data pribadi, dan proses hukum;Apakah terdapat pelatihan menghadapi cyber crime, pelanggaran pelindungan data pribadi, dan proses hukum terkait, dan telah terdokumentasi secara resmi?
0;People & Capacity Dev;Analyze;Pelatihan menghadapi cyber crime, pelanggaran pelindungan data pribadi, dan proses hukum;Apakah organisasi melakukan evaluasi terhadap efektivitas pelatihan dalam meningkatkan kemampuan anggota menghadapi cyber crime, pelanggaran pelindungan data pribadi, dan proses hukum?
0;People & Capacity Dev;Improve & Control;Pelatihan menghadapi cyber crime, pelanggaran pelindungan data pribadi, dan proses hukum;Apakah hasil evaluasi pelatihan digunakan untuk memperbaiki materi dan metode pelatihan, serta memastikan pelaksanaan yang konsisten?
0;People & Capacity Dev;Sustain;Pelatihan menghadapi cyber crime, pelanggaran pelindungan data pribadi, dan proses hukum;Apakah pelatihan terkait cyber crime, pelanggaran pelindungan data pribadi, dan proses hukum telah menjadi kegiatan rutin yang diperbarui mengikuti perkembangan ancaman dan regulasi?
0;People & Capacity Dev;Recognize;Program peningkatan pemahaman/kepedulian kepada seluruh pegawai terhadap Pelindungan Data Pribadi, termasuk hal-hal terkait peraturan perundangan yang berlaku;Apakah organisasi menyadari pentingnya program peningkatan pemahaman/kepedulian pegawai terhadap pelindungan data pribadi dan peraturan terkait?
0;People & Capacity Dev;Define;Program peningkatan pemahaman/kepedulian kepada seluruh pegawai terhadap Pelindungan Data Pribadi, termasuk hal-hal terkait peraturan perundangan yang berlaku;Apakah organisasi memiliki kebijakan atau rencana tertulis untuk menjalankan program peningkatan pemahaman/kepedulian pegawai terhadap pelindungan data pribadi dan peraturan terkait?
0;People & Capacity Dev;Measure;Program peningkatan pemahaman/kepedulian kepada seluruh pegawai terhadap Pelindungan Data Pribadi, termasuk hal-hal terkait peraturan perundangan yang berlaku;Apakah organisasi sudah menjalankan program peningkatan pemahaman/kepedulian kepada seluruh pegawai terhadap pelindungan data pribadi, termasuk hal-hal terkait peraturan perundangan yang berlaku, dan terdokumentasi?
0;People & Capacity Dev;Analyze;Program peningkatan pemahaman/kepedulian kepada seluruh pegawai terhadap Pelindungan Data Pribadi, termasuk hal-hal terkait peraturan perundangan yang berlaku;Apakah organisasi melakukan evaluasi untuk mengukur efektivitas program peningkatan pemahaman/kepedulian pegawai terhadap pelindungan data pribadi?
0;People & Capacity Dev;Improve & Control;Program peningkatan pemahaman/kepedulian kepada seluruh pegawai terhadap Pelindungan Data Pribadi, termasuk hal-hal terkait peraturan perundangan yang berlaku;Apakah hasil evaluasi program digunakan untuk memperbaiki materi, metode, dan frekuensi program, serta memastikan pelaksanaannya konsisten?
0;People & Capacity Dev;Sustain;Program peningkatan pemahaman/kepedulian kepada seluruh pegawai terhadap Pelindungan Data Pribadi, termasuk hal-hal terkait peraturan perundangan yang berlaku;Apakah program peningkatan pemahaman/kepedulian pegawai terhadap pelindungan data pribadi telah menjadi kegiatan rutin dan diperbarui sesuai perkembangan regulasi serta teknologi?
0;Risk & Management;Recognize;Penilaian Dampak Perlindungan Data (DPIA);Apakah organisasi menyadari pentingnya melakukan Penilaian Dampak Perlindungan Data (DPIA) untuk memastikan kepatuhan dan mitigasi risiko terhadap pelindungan data pribadi?
0;Risk & Management;Define;Penilaian Dampak Perlindungan Data (DPIA);Apakah organisasi memiliki kebijakan atau prosedur tertulis yang mengatur pelaksanaan Penilaian Dampak Perlindungan Data (DPIA)?
0;Risk & Management;Measure;Penilaian Dampak Perlindungan Data (DPIA);Apakah Penilaian Dampak Perlindungan Data (DPIA) telah dilakukan?
0;Risk & Management;Analyze;Penilaian Dampak Perlindungan Data (DPIA);Apakah organisasi menganalisis hasil Penilaian Dampak Perlindungan Data (DPIA) untuk mengidentifikasi risiko dan tindakan mitigasi?
0;Risk & Management;Improve & Control;Penilaian Dampak Perlindungan Data (DPIA);Apakah hasil DPIA digunakan untuk memperbarui kebijakan atau prosedur, serta memastikan pengendalian kepatuhan terhadap pelindungan data pribadi?
0;Risk & Management;Sustain;Penilaian Dampak Perlindungan Data (DPIA);Apakah Penilaian Dampak Perlindungan Data (DPIA) telah menjadi praktik rutin yang diperbarui sesuai perkembangan regulasi dan teknologi?
0;Risk & Management;Recognize;Analisa dampak  terkait terungkapnya data pribadi yang disimpan,  diolah dan dipertukarkan secara ilegal atau karena insiden lain;Apakah organisasi menyadari pentingnya menganalisis dampak terkait terungkapnya data pribadi yang disimpan, diolah, dan dipertukarkan secara ilegal atau akibat insiden lain?
0;Risk & Management;Define;Analisa dampak  terkait terungkapnya data pribadi yang disimpan,  diolah dan dipertukarkan secara ilegal atau karena insiden lain;Apakah organisasi memiliki kebijakan atau prosedur tertulis untuk melakukan analisis dampak apabila data pribadi terungkap secara ilegal atau akibat insiden lain?
0;Risk & Management;Measure;Analisa dampak  terkait terungkapnya data pribadi yang disimpan,  diolah dan dipertukarkan secara ilegal atau karena insiden lain;Apakah organisasi sudah menganalisa dampak  terkait terungkapnya data pribadi yang disimpan,  diolah dan dipertukarkan secara ilegal atau karena insiden lainnya?
0;Risk & Management;Analyze;Analisa dampak  terkait terungkapnya data pribadi yang disimpan,  diolah dan dipertukarkan secara ilegal atau karena insiden lain;Apakah organisasi menganalisis hasil temuan terkait insiden kebocoran data untuk mengetahui akar penyebab dan tingkat dampaknya?
0;Risk & Management;Improve & Control;Analisa dampak  terkait terungkapnya data pribadi yang disimpan,  diolah dan dipertukarkan secara ilegal atau karena insiden lain;Apakah hasil analisis digunakan untuk memperbarui kebijakan dan prosedur keamanan data guna mencegah insiden serupa di masa depan?
0;Risk & Management;Sustain;Analisa dampak  terkait terungkapnya data pribadi yang disimpan,  diolah dan dipertukarkan secara ilegal atau karena insiden lain;Apakah analisis dampak terkait kebocoran data pribadi telah menjadi prosedur standar yang dilakukan secara berkelanjutan dan diperbarui sesuai perkembangan ancaman?
0;Risk & Management;Recognize;prosedur terdokumentasi untuk mengelola dan mengawasi keamanan informasi dalam kerja sama dengan pihak ketiga, termasuk tanggung jawab audit, pelaksanaan, dan tindak lanjutnya. ;Apakah organisasi menyadari pentingnya memiliki prosedur untuk mengelola dan mengawasi keamanan informasi dalam kerja sama dengan pihak ketiga?
0;Risk & Management;Define;prosedur terdokumentasi untuk mengelola dan mengawasi keamanan informasi dalam kerja sama dengan pihak ketiga, termasuk tanggung jawab audit, pelaksanaan, dan tindak lanjutnya. ;Apakah organisasi memiliki kebijakan atau rancangan prosedur untuk mengelola keamanan informasi dalam hubungan kerja sama dengan pihak ketiga, meskipun belum sepenuhnya diterapkan?
0;Risk & Management;Measure;prosedur terdokumentasi untuk mengelola dan mengawasi keamanan informasi dalam kerja sama dengan pihak ketiga, termasuk tanggung jawab audit, pelaksanaan, dan tindak lanjutnya. ;Apakah organisasi telah menetapkan proses, prosedur atau rencana terdokumentasi untuk mengelola dan memantau layanan dan aspek keamanan informasi (termasuk pengamanan aset informasi dan infrastruktur milik organisasi yang diakses) dalam hubungan kerjasama dengan pihak ketiga?
0;Risk & Management;Analyze;prosedur terdokumentasi untuk mengelola dan mengawasi keamanan informasi dalam kerja sama dengan pihak ketiga, termasuk tanggung jawab audit, pelaksanaan, dan tindak lanjutnya. ;Apakah organisasi melakukan evaluasi efektivitas prosedur pengelolaan keamanan informasi dalam kerja sama dengan pihak ketiga, termasuk hasil audit dan tindak lanjutnya?
0;Risk & Management;Improve & Control;prosedur terdokumentasi untuk mengelola dan mengawasi keamanan informasi dalam kerja sama dengan pihak ketiga, termasuk tanggung jawab audit, pelaksanaan, dan tindak lanjutnya. ;Apakah hasil evaluasi digunakan untuk memperbarui prosedur pengelolaan keamanan informasi pihak ketiga dan memastikan penerapannya terkontrol?
0;Risk & Management;Sustain;prosedur terdokumentasi untuk mengelola dan mengawasi keamanan informasi dalam kerja sama dengan pihak ketiga, termasuk tanggung jawab audit, pelaksanaan, dan tindak lanjutnya. ;Apakah prosedur pengelolaan keamanan informasi pihak ketiga telah menjadi praktik standar yang dijalankan secara berkelanjutan dan diperbarui sesuai perkembangan risiko dan regulasi?
0;Risk & Management;Recognize;Analisis risiko keamanan informasi yang terstruktur terhadap aset informasi yang sudah ada untuk mengidentifikasi langkah-langkah mitigasi. ;Apakah organisasi menyadari pentingnya melakukan analisis risiko keamanan informasi terhadap aset informasi yang dimiliki?
0;Risk & Management;Define;Analisis risiko keamanan informasi yang terstruktur terhadap aset informasi yang sudah ada untuk mengidentifikasi langkah-langkah mitigasi. ;Apakah organisasi memiliki kebijakan atau metode tertulis untuk melakukan analisis risiko keamanan informasi terhadap aset informasi yang ada?
0;Risk & Management;Measure;Analisis risiko keamanan informasi yang terstruktur terhadap aset informasi yang sudah ada untuk mengidentifikasi langkah-langkah mitigasi. ;Apakah organisasi sudah menjalankan inisiatif analisa/kajian risiko kemanan informasi secara terstruktur terhadap aset informasi yang ada (untuk  nantinya digunakan dalam mengidentifikasi langkah mitigasi atau penanggulangan yang menjadi bagian dari program  pengelolaan keamanan informasi)?
0;Risk & Management;Analyze;Analisis risiko keamanan informasi yang terstruktur terhadap aset informasi yang sudah ada untuk mengidentifikasi langkah-langkah mitigasi. ;Apakah organisasi menganalisis hasil kajian risiko keamanan informasi untuk menentukan tingkat ancaman, kerentanan, dan potensi dampaknya?
0;Risk & Management;Improve & Control;Analisis risiko keamanan informasi yang terstruktur terhadap aset informasi yang sudah ada untuk mengidentifikasi langkah-langkah mitigasi. ;Apakah hasil analisis risiko digunakan untuk menetapkan langkah mitigasi dan dilakukan pengendalian efektivitasnya secara berkala?
0;Risk & Management;Sustain;Analisis risiko keamanan informasi yang terstruktur terhadap aset informasi yang sudah ada untuk mengidentifikasi langkah-langkah mitigasi. ;Apakah analisis risiko keamanan informasi telah menjadi praktik rutin yang diperbarui secara berkala sesuai perkembangan aset dan ancaman baru?
0;Risk & Management;Recognize;Perekaman terhadap seluruh kegiatan pemrosesan Data Pribadi (RoPA) .;Apakah organisasi menyadari pentingnya melakukan perekaman terhadap seluruh kegiatan pemrosesan data pribadi (RoPA)?
0;Risk & Management;Define;Perekaman terhadap seluruh kegiatan pemrosesan Data Pribadi (RoPA) .;Apakah organisasi telah memiliki kebijakan atau prosedur terdokumentasi untuk melakukan perekaman RoPA?
0;Risk & Management;Measure;Perekaman terhadap seluruh kegiatan pemrosesan Data Pribadi (RoPA) .;Apakah organisasi sudah melakukan Perekaman terhadap seluruh kegiatan pemrosesan Data Pribadi (RoPA) (secara teratur mengukur atau memantau cakupan dan kelengkapan perekaman RoPA?
0;Risk & Management;Analyze;Perekaman terhadap seluruh kegiatan pemrosesan Data Pribadi (RoPA) .;Apakah hasil perekaman RoPA dianalisis untuk mengidentifikasi potensi risiko atau ketidaksesuaian dengan regulasi?
0;Risk & Management;Improve & Control;Perekaman terhadap seluruh kegiatan pemrosesan Data Pribadi (RoPA) .;Apakah temuan dari analisis RoPA digunakan untuk memperbaiki prosedur dan memastikan pengendalian yang lebih baik atas pemrosesan data pribadi?
0;Risk & Management;Sustain;Perekaman terhadap seluruh kegiatan pemrosesan Data Pribadi (RoPA) .;Apakah proses perekaman, analisis, dan perbaikan RoPA dilakukan secara konsisten, terdokumentasi, dan menjadi bagian dari evaluasi rutin organisasi?
0;Personal Data Protection;Recognize;Data pribadi yang disimpan, diproses, dan dipertukarkan dengan pihak eksternal didokumentasikan berdasarkan jenis dan bentuknya (kertas/elektronik).;Apakah organisasi menyadari pentingnya mendokumentasikan jenis dan bentuk (kertas/elektronik) data pribadi yang disimpan, diproses, dan dipertukarkan dengan pihak eksternal?
0;Personal Data Protection;Define;Data pribadi yang disimpan, diproses, dan dipertukarkan dengan pihak eksternal didokumentasikan berdasarkan jenis dan bentuknya (kertas/elektronik).;Apakah organisasi sudah mendokumentasikan  jenis dan bentuk (dokumen kertas/elektronik) data pribadi yang disimpan, diproses, dan dipertukarkan dengan pihak eksternal? 
0;Personal Data Protection;Measure;Data pribadi yang disimpan, diproses, dan dipertukarkan dengan pihak eksternal didokumentasikan berdasarkan jenis dan bentuknya (kertas/elektronik).;Apakah organisasi melakukan pemantauan dan pengukuran terhadap kelengkapan dokumentasi jenis dan bentuk data pribadi yang disimpan, diproses, dan dipertukarkan dengan pihak eksternal?
0;Personal Data Protection;Analyze;Data pribadi yang disimpan, diproses, dan dipertukarkan dengan pihak eksternal didokumentasikan berdasarkan jenis dan bentuknya (kertas/elektronik).;Apakah hasil dokumentasi data pribadi dianalisis untuk mengidentifikasi potensi risiko atau ketidaksesuaian dengan peraturan?
0;Personal Data Protection;Improve & Control;Data pribadi yang disimpan, diproses, dan dipertukarkan dengan pihak eksternal didokumentasikan berdasarkan jenis dan bentuknya (kertas/elektronik).;Apakah temuan dari analisis digunakan untuk memperbaiki prosedur dan memastikan pengendalian yang lebih baik terhadap penyimpanan, pemrosesan, dan pertukaran data pribadi dengan pihak eksternal?
0;Personal Data Protection;Sustain;Data pribadi yang disimpan, diproses, dan dipertukarkan dengan pihak eksternal didokumentasikan berdasarkan jenis dan bentuknya (kertas/elektronik).;Apakah proses dokumentasi, analisis, dan perbaikan ini dilakukan secara konsisten, terdokumentasi, dan menjadi bagian dari evaluasi rutin organisasi?
0;Personal Data Protection;Recognize;Organisasi telah memetakan alur pemrosesan data secara internal dan pertukaran data dengan pihak eksternal, termasuk waktu dan lokasi pengumpulan data pribadi. ;Apakah organisasi menyadari pentingnya melakukan pemetaan alur pemrosesan data internal dan pertukaran data dengan pihak eksternal, termasuk kapan dan di mana data pribadi diperoleh?
0;Personal Data Protection;Define;Organisasi telah memetakan alur pemrosesan data secara internal dan pertukaran data dengan pihak eksternal, termasuk waktu dan lokasi pengumpulan data pribadi. ;Apakah organisasi sudah memetakan alur pemrosesan data di internal dan pertukaran data dengan pihak eksternal, termasuk kapan dan di mana data pribadi tersebut diperoleh  (Pemetaan Alur Data)?
0;Personal Data Protection;Measure;Organisasi telah memetakan alur pemrosesan data secara internal dan pertukaran data dengan pihak eksternal, termasuk waktu dan lokasi pengumpulan data pribadi. ;Apakah organisasi melakukan pengukuran atau peninjauan berkala untuk memastikan bahwa pemetaan alur data internal dan pertukaran data eksternal sesuai dengan praktik yang terjadi di lapangan?
0;Personal Data Protection;Analyze;Organisasi telah memetakan alur pemrosesan data secara internal dan pertukaran data dengan pihak eksternal, termasuk waktu dan lokasi pengumpulan data pribadi. ;Apakah organisasi menganalisis hasil pemetaan alur data untuk mengidentifikasi risiko, ketidaksesuaian, atau peluang perbaikan terkait keamanan dan perlindungan data pribadi?
0;Personal Data Protection;Improve & Control;Organisasi telah memetakan alur pemrosesan data secara internal dan pertukaran data dengan pihak eksternal, termasuk waktu dan lokasi pengumpulan data pribadi. ;Apakah organisasi telah menetapkan prosedur atau mekanisme perbaikan dan pengendalian berdasarkan hasil analisis pemetaan alur data untuk memastikan keamanan dan kepatuhan?
0;Personal Data Protection;Sustain;Organisasi telah memetakan alur pemrosesan data secara internal dan pertukaran data dengan pihak eksternal, termasuk waktu dan lokasi pengumpulan data pribadi. ;Apakah organisasi secara berkelanjutan memperbarui dan memelihara pemetaan alur data internal dan pertukaran data eksternal, termasuk kapan dan di mana data pribadi diperoleh, sesuai perkembangan proses bisnis dan regulasi?
0;Personal Data Protection;Recognize;Dokumentasi proses terkait penyimpanan, pengolahan, dan pertukaran data pribadi di organisasi;Apakah organisasi menyadari pentingnya mendokumentasikan setiap proses yang melibatkan data pribadi?
0;Personal Data Protection;Define;Dokumentasi proses terkait penyimpanan, pengolahan, dan pertukaran data pribadi di organisasi;Apakah proses terkait penyimpanan, pengolahan, dan pertukaran data pribadi di organisasi sudah didokumentasikan?
0;Personal Data Protection;Measure;Dokumentasi proses terkait penyimpanan, pengolahan, dan pertukaran data pribadi di organisasi;Apakah organisasi secara rutin melakukan audit untuk memverifikasi bahwa proses yang didokumentasikan telah diterapkan secara konsisten?
0;Personal Data Protection;Analyze;Dokumentasi proses terkait penyimpanan, pengolahan, dan pertukaran data pribadi di organisasi;Apakah organisasi menganalisis dokumentasi untuk mengidentifikasi potensi kelemahan atau risiko dalam penanganan data pribadi?
0;Personal Data Protection;Improve & Control;Dokumentasi proses terkait penyimpanan, pengolahan, dan pertukaran data pribadi di organisasi;Apakah ada program untuk memperbarui dan menyempurnakan dokumentasi proses data pribadi seiring dengan perubahan operasional atau regulasi?
0;Personal Data Protection;Sustain;Dokumentasi proses terkait penyimpanan, pengolahan, dan pertukaran data pribadi di organisasi;Apakah organisasi secara konsisten mengalokasikan sumber daya untuk memelihara dokumentasi ini dan memastikan relevansinya dalam jangka panjang?
0;Personal Data Protection;Recognize;Organisasi memiliki proses untuk melaporkan insiden terkait terungkapnya data pribadi;Apakah organisasi menyadari kewajiban hukum untuk melaporkan insiden kebocoran data pribadi kepada regulator dan subjek data?
0;Personal Data Protection;Define;Organisasi memiliki proses untuk melaporkan insiden terkait terungkapnya data pribadi;apakah organisasi sudah memiliki proses untuk melaporkan insiden terkait terungkapnya data pribadi?
0;Personal Data Protection;Measure;Organisasi memiliki proses untuk melaporkan insiden terkait terungkapnya data pribadi;Apakah ada pengukuran yang dilakukan untuk menilai kepatuhan terhadap batas waktu pelaporan insiden yang ditetapkan oleh regulasi?
0;Personal Data Protection;Analyze;Organisasi memiliki proses untuk melaporkan insiden terkait terungkapnya data pribadi;Apakah ada analisis terhadap efektivitas proses pelaporan dalam memastikan semua pihak yang relevan (misalnya, tim hukum, manajemen) segera diberi tahu?
0;Personal Data Protection;Improve & Control;Organisasi memiliki proses untuk melaporkan insiden terkait terungkapnya data pribadi;Apakah ada kontrol yang diterapkan untuk memastikan bahwa setiap insiden kebocoran data pribadi selalu dilaporkan, tanpa terkecuali?
0;Personal Data Protection;Sustain;Organisasi memiliki proses untuk melaporkan insiden terkait terungkapnya data pribadi;Apakah organisasi secara konsisten mengalokasikan sumber daya untuk memelihara dan menyebarkan proses pelaporan insiden?
0;Personal Data Protection;Recognize;Organisasi  sudah menerapkan proses terkait pengungkapan data pribadi atas permintaan resmi aparat penegak hukum.;Apakah ada pemahaman bahwa pengungkapan yang tidak sesuai prosedur dapat menimbulkan risiko hukum bagi organisasi?
0;Personal Data Protection;Define;Organisasi  sudah menerapkan proses terkait pengungkapan data pribadi atas permintaan resmi aparat penegak hukum.;apakah organisasi sudah menerapkan proses terkait pengungkapan data pribadi atas permintaan resmi aparat penegak hukum?
0;Personal Data Protection;Measure;Organisasi  sudah menerapkan proses terkait pengungkapan data pribadi atas permintaan resmi aparat penegak hukum.;Apakah organisasi mencatat setiap permintaan resmi dari aparat penegak hukum dan tindakan yang diambil?
0;Personal Data Protection;Analyze;Organisasi  sudah menerapkan proses terkait pengungkapan data pribadi atas permintaan resmi aparat penegak hukum.;Apakah organisasi menganalisis proses pengungkapan data untuk mengidentifikasi potensi hambatan atau risiko hukum?
0;Personal Data Protection;Improve & Control;Organisasi  sudah menerapkan proses terkait pengungkapan data pribadi atas permintaan resmi aparat penegak hukum.;Apakah ada kontrol yang diterapkan untuk memastikan bahwa data pribadi hanya diungkapkan setelah permintaan diverifikasi dan disetujui oleh pihak yang berwenang?
0;Personal Data Protection;Sustain;Organisasi  sudah menerapkan proses terkait pengungkapan data pribadi atas permintaan resmi aparat penegak hukum.;Apakah organisasi secara konsisten mengalokasikan sumber daya untuk memelihara dan memperbarui proses ini agar tetap relevan dan patuh hukum?
0;Personal Data Protection;Recognize;Organisasi sudah menerapkan proses yang terkait dapat memastikan data pribadi tersebut akurat dan termutakhirkan.;Apakah organisasi menyadari pentingnya memastikan bahwa data pribadi yang dikelola tetap akurat dan mutakhir?
0;Personal Data Protection;Define;Organisasi sudah menerapkan proses yang terkait dapat memastikan data pribadi tersebut akurat dan termutakhirkan.;Apakah organisasi sudah menerapkan proses yang terkait dapat memastikan data pribadi tersebut akurat dan termutakhirkan?
0;Personal Data Protection;Measure;Organisasi sudah menerapkan proses yang terkait dapat memastikan data pribadi tersebut akurat dan termutakhirkan.;Apakah organisasi secara rutin melakukan audit untuk mengukur tingkat akurasi data pribadi yang ada?
0;Personal Data Protection;Analyze;Organisasi sudah menerapkan proses yang terkait dapat memastikan data pribadi tersebut akurat dan termutakhirkan.;Apakah ada analisis terhadap dampak bisnis dari data pribadi yang tidak akurat?
0;Personal Data Protection;Improve & Control;Organisasi sudah menerapkan proses yang terkait dapat memastikan data pribadi tersebut akurat dan termutakhirkan.;Apakah ada program untuk memperbaiki proses validasi dan pembaruan data untuk meningkatkan efisiensi dan keakuratan?
0;Personal Data Protection;Sustain;Organisasi sudah menerapkan proses yang terkait dapat memastikan data pribadi tersebut akurat dan termutakhirkan.;Apakah proses untuk memastikan akurasi dan pembaruan data pribadi diintegrasikan ke dalam operasi bisnis sehari-hari?